"Symbol","Description","Category2","Category3","GICS Sector","Market cap","Dividend yield","Price to TTM earnings","Price to TTM sales","Price to book value","Action"
"AAPL","Apple Inc","Common stocks","Large cap","Information Technology","$2,359,332,980,580","0.61%","0.00","0.00","0.00","Analyze"
"MSFT","Microsoft Corp","Common stocks","Large cap","Information Technology","$1,898,579,765,045","0.99%","0.00","0.00","0.00","Analyze"
"GOOG","Alphabet Inc Class C","Common stocks","Large cap","Communication Services","$1,219,603,350,000","0.00%","0.00","0.00","0.00","Analyze"
"GOOGL","Alphabet Inc Class A","Common stocks","Large cap","Communication Services","$1,219,603,350,000","0.00%","0.00","0.00","0.00","Analyze"
"AMZN","Amazon.Com Inc.","Common stocks","Large cap","Consumer Discretionary","$974,257,973,808","0.00%","0.00","0.00","0.00","Analyze"
"BRK.B","Berkshire Hathaway Inc. Class B","Common stocks","Large cap","Financials","$695,954,528,111","0.00%","0.00","0.00","0.00","Analyze"
"TSLA","Tesla Inc","Common stocks","Large cap","Consumer Discretionary","$610,086,617,762","0.00%","0.00","0.00","0.00","Analyze"
"UNH","Unitedhealth Group Inc","Common stocks","Large cap","Health Care","$501,661,360,784","1.15%","0.00","0.00","0.00","Analyze"
"JNJ","Johnson & Johnson","Common stocks","Large cap","Health Care","$467,312,799,915","2.47%","0.00","0.00","0.00","Analyze"
"XOM","Exxon Mobil Corp","Common stocks","Large cap","Energy","$456,306,911,047","3.16%","0.00","0.00","0.00","Analyze"
"NVDA","Nvidia Corp","Common stocks","Large cap","Information Technology","$426,661,500,000","0.09%","0.00","0.00","0.00","Analyze"
"WMT","Walmart Stores Inc","Common stocks","Large cap","Consumer Staples","$416,282,672,398","1.45%","0.00","0.00","0.00","Analyze"
"V","Visa Inc Class A","Common stocks","Large cap","Information Technology","$410,219,962,341","0.72%","0.00","0.00","0.00","Analyze"
"JPM","JP Morgan Chase & Co","Common stocks","Large cap","Financials","$399,619,833,941","2.91%","0.00","0.00","0.00","Analyze"
"PG","Procter & Gamble","Common stocks","Large cap","Consumer Staples","$356,035,795,599","2.39%","0.00","0.00","0.00","Analyze"
"CVX","Chevron Corp","Common stocks","Large cap","Energy","$352,869,698,260","3.07%","0.00","0.00","0.00","Analyze"
"LLY","Eli Lilly","Common stocks","Large cap","Health Care","$351,879,381,707","1.05%","0.00","0.00","0.00","Analyze"
"MA","Mastercard Inc Class A","Common stocks","Large cap","Information Technology","$344,132,137,193","0.54%","0.00","0.00","0.00","Analyze"
"HD","Home Depot Inc","Common stocks","Large cap","Consumer Discretionary","$334,830,207,712","2.30%","0.00","0.00","0.00","Analyze"
"META","Meta Platforms, Inc.","Common stocks","Large cap","Communication Services","$323,983,600,000","0.00%","0.00","0.00","0.00","Analyze"
"BAC","Bank of America Corp","Common stocks","Large cap","Financials","$293,219,898,335","2.33%","0.00","0.00","0.00","Analyze"
"PFE","Pfizer Inc","Common stocks","Large cap","Health Care","$286,728,106,550","3.09%","0.00","0.00","0.00","Analyze"
"ABBV","Abbvie Inc","Common stocks","Large cap","Health Care","$285,839,504,508","3.44%","0.00","0.00","0.00","Analyze"
"MRK","Merck & Co Inc","Common stocks","Large cap","Health Care","$278,386,477,945","2.48%","0.00","0.00","0.00","Analyze"
"KO","Coca-Cola","Common stocks","Large cap","Consumer Staples","$275,860,701,111","2.73%","0.00","0.00","0.00","Analyze"
"PEP","Pepsico Inc","Common stocks","Large cap","Consumer Staples","$256,116,141,953","2.41%","0.00","0.00","0.00","Analyze"
"ORCL","Oracle Corp","Common stocks","Large cap","Information Technology","$226,774,548,755","1.51%","0.00","0.00","0.00","Analyze"
"AVGO","Broadcom Inc.","Common stocks","Large cap","Information Technology","$223,054,551,892","2.95%","0.00","0.00","0.00","Analyze"
"COST","Costco Wholesale Corp","Common stocks","Large cap","Consumer Staples","$223,010,524,500","0.69%","0.00","0.00","0.00","Analyze"
"TMO","Thermo Fisher Scientific Inc","Common stocks","Large cap","Health Care","$221,417,923,660","0.21%","0.00","0.00","0.00","Analyze"
"CSCO","Cisco Systems Inc","Common stocks","Large cap","Information Technology","$205,318,943,025","3.00%","0.00","0.00","0.00","Analyze"
"ACN","Accenture Plc Class A","Common stocks","Large cap","Information Technology","$201,316,285,554","1.32%","0.00","0.00","0.00","Analyze"
"MCD","Mcdonalds Corp","Common stocks","Large cap","Consumer Discretionary","$200,244,692,073","2.05%","0.00","0.00","0.00","Analyze"
"DHR","Danaher Corp","Common stocks","Large cap","Health Care","$199,854,880,207","0.35%","0.00","0.00","0.00","Analyze"
"TMUS","T Mobile US Inc","Common stocks","Large cap","Communication Services","$188,875,039,083","0.00%","0.00","0.00","0.00","Analyze"
"ABT","Abbott Laboratories","Common stocks","Large cap","Health Care","$188,183,917,752","1.73%","0.00","0.00","0.00","Analyze"
"DIS","Walt Disney","Common stocks","Large cap","Communication Services","$179,787,934,097","0.00%","0.00","0.00","0.00","Analyze"
"WFC","Wells Fargo","Common stocks","Large cap","Financials","$178,597,708,389","2.33%","0.00","0.00","0.00","Analyze"
"NKE","Nike Inc Class B","Common stocks","Large cap","Consumer Discretionary","$173,331,600,000","1.09%","0.00","0.00","0.00","Analyze"
"BMY","Bristol Myers Squibb","Common stocks","Large cap","Health Care","$171,963,848,865","2.64%","0.00","0.00","0.00","Analyze"
"NEE","Nextera Energy Inc","Common stocks","Large cap","Utilities","$168,571,092,599","1.99%","0.00","0.00","0.00","Analyze"
"LIN","Linde Plc","Common stocks","Large cap","Materials","$166,734,440,962","1.38%","0.00","0.00","0.00","Analyze"
"UPS","United Parcel Service Inc Class B","Common stocks","Large cap","Industrials","$164,498,784,470","3.13%","0.00","0.00","0.00","Analyze"
"TXN","Texas Instrument Inc","Common stocks","Large cap","Information Technology","$161,093,978,880","2.61%","0.00","0.00","0.00","Analyze"
"VZ","Verizon Communications Inc","Common stocks","Large cap","Communication Services","$160,979,002,744","6.57%","0.00","0.00","0.00","Analyze"
"ADBE","Adobe Inc","Common stocks","Large cap","Information Technology","$159,976,739,000","0.00%","0.00","0.00","0.00","Analyze"
"PM","Philip Morris International Inc","Common stocks","Large cap","Consumer Staples","$158,833,728,170","4.80%","0.00","0.00","0.00","Analyze"
"MS","Morgan Stanley","Common stocks","Large cap","Financials","$157,180,175,967","3.13%","0.00","0.00","0.00","Analyze"
"CMCSA","Comcast A Corp","Common stocks","Large cap","Communication Services","$156,510,625,493","2.90%","0.00","0.00","0.00","Analyze"
"COP","ConocoPhillips","Common stocks","Large cap","Energy","$153,341,505,382","3.59%","0.00","0.00","0.00","Analyze"
"AMGN","Amgen Inc","Common stocks","Large cap","Health Care","$152,571,638,164","2.68%","0.00","0.00","0.00","Analyze"
"SCHW","Charles Schwab Corporation","Common stocks","Large cap","Financials","$148,409,067,181","1.02%","0.00","0.00","0.00","Analyze"
"CRM","Salesforce.Com Inc","Common stocks","Large cap","Information Technology","$147,000,000,000","0.00%","0.00","0.00","0.00","Analyze"
"RTX","Raytheon Technologies Corporation","Common stocks","Large cap","Industrials","$146,271,047,113","2.15%","0.00","0.00","0.00","Analyze"
"HON","Honeywell International Inc","Common stocks","Large cap","Industrials","$146,156,130,014","1.80%","0.00","0.00","0.00","Analyze"
"QCOM","Qualcomm Inc","Common stocks","Large cap","Information Technology","$142,154,010,000","2.29%","0.00","0.00","0.00","Analyze"
"NFLX","Netflix Inc","Common stocks","Large cap","Communication Services","$140,026,927,786","0.00%","0.00","0.00","0.00","Analyze"
"T","AT&T Inc.","Common stocks","Large cap","Communication Services","$136,824,700,000","6.23%","0.00","0.00","0.00","Analyze"
"IBM","International Business Machines Co","Common stocks","Large cap","Information Technology","$134,859,488,305","4.34%","0.00","0.00","0.00","Analyze"
"LOW","Lowes Companies Inc","Common stocks","Large cap","Consumer Discretionary","$133,748,558,177","1.70%","0.00","0.00","0.00","Analyze"
"CVS","CVS Health Corp","Common stocks","Large cap","Health Care","$133,564,736,605","2.15%","0.00","0.00","0.00","Analyze"
"DE","Deere & Company","Common stocks","Large cap","Industrials","$133,346,930,730","0.98%","0.00","0.00","0.00","Analyze"
"UNP","Union Pacific Corp","Common stocks","Large cap","Industrials","$132,753,936,744","2.28%","0.00","0.00","0.00","Analyze"
"GS","Goldman Sachs Group Inc","Common stocks","Large cap","Financials","$129,971,341,220","2.33%","0.00","0.00","0.00","Analyze"
"LMT","Lockheed Martin Corp","Common stocks","Large cap","Industrials","$126,762,555,163","2.34%","0.00","0.00","0.00","Analyze"
"ELV","Elevance Health, Inc.","Common stocks","Large cap","Health Care","$126,060,364,524","0.73%","0.00","0.00","0.00","Analyze"
"AMD","Advanced Micro Devices Inc","Common stocks","Large cap","Information Technology","$124,925,355,432","0.00%","0.00","0.00","0.00","Analyze"
"INTC","Intel Corporation Corp","Common stocks","Large cap","Information Technology","$123,108,410,000","4.81%","0.00","0.00","0.00","Analyze"
"CAT","Caterpillar Inc","Common stocks","Large cap","Industrials","$122,655,280,880","1.94%","0.00","0.00","0.00","Analyze"
"SPGI","S&P Global Inc","Common stocks","Large cap","Financials","$120,739,140,000","0.91%","0.00","0.00","0.00","Analyze"
"SBUX","Starbucks Corp","Common stocks","Large cap","Consumer Discretionary","$118,648,086,000","1.91%","0.00","0.00","0.00","Analyze"
"AXP","American Express","Common stocks","Large cap","Financials","$117,689,149,620","1.26%","0.00","0.00","0.00","Analyze"
"INTU","Intuit Inc","Common stocks","Large cap","Information Technology","$116,884,610,375","0.68%","0.00","0.00","0.00","Analyze"
"ADP","Automatic Data Processing Inc","Common stocks","Large cap","Information Technology","$111,153,100,704","1.54%","0.00","0.00","0.00","Analyze"
"GILD","Gilead Sciences Inc","Common stocks","Large cap","Health Care","$110,248,033,976","3.24%","0.00","0.00","0.00","Analyze"
"BLK","Blackrock Inc","Common stocks","Large cap","Financials","$108,468,241,798","2.59%","0.00","0.00","0.00","Analyze"
"PLD","Prologis, Inc","REITs","Large cap","Real Estate","$108,092,501,367","2.54%","0.00","0.00","0.00","Analyze"
"MDT","Medtronic Plc","Common stocks","Large cap","Health Care","$105,335,398,153","3.27%","0.00","0.00","0.00","Analyze"
"BA","Boeing","Common stocks","Large cap","Industrials","$104,380,127,287","0.00%","0.00","0.00","0.00","Analyze"
"AMT","American Tower Corporation","REITs","Large cap","Real Estate","$103,038,519,944","2.55%","0.00","0.00","0.00","Analyze"
"CI","Cigna Corp","Common stocks","Large cap","Health Care","$98,891,280,844","1.34%","0.00","0.00","0.00","Analyze"
"ISRG","Intuitive Surgical Inc","Common stocks","Large cap","Health Care","$97,000,530,619","0.00%","0.00","0.00","0.00","Analyze"
"GE","General Electric","Common stocks","Large cap","Industrials","$93,160,885,616","0.37%","0.00","0.00","0.00","Analyze"
"MDLZ","Mondelez International Inc","Common stocks","Large cap","Consumer Staples","$92,984,964,210","2.09%","0.00","0.00","0.00","Analyze"
"C","Citigroup Inc","Common stocks","Large cap","Financials","$92,542,829,842","4.20%","0.00","0.00","0.00","Analyze"
"TJX","TJX Companies, Inc.","Common stocks","Large cap","Consumer Discretionary","$92,139,900,841","1.43%","0.00","0.00","0.00","Analyze"
"AMAT","Applied Material Inc","Common stocks","Large cap","Information Technology","$92,061,706,433","0.95%","0.00","0.00","0.00","Analyze"
"SYK","Stryker Corp","Common stocks","Large cap","Health Care","$91,114,574,005","1.15%","0.00","0.00","0.00","Analyze"
"CB","Chubb Ltd","Common stocks","Large cap","Financials","$90,613,775,820","1.48%","0.00","0.00","0.00","Analyze"
"PYPL","Paypal Holdings Inc","Common stocks","Large cap","Information Technology","$89,526,377,794","0.00%","0.00","0.00","0.00","Analyze"
"ADI","Analog Devices Inc","Common stocks","Large cap","Information Technology","$87,334,067,963","1.32%","0.00","0.00","0.00","Analyze"
"NOW","Servicenow Inc","Common stocks","Large cap","Information Technology","$85,971,200,000","0.00%","0.00","0.00","0.00","Analyze"
"MMC","Marsh & McLennan Inc","Common stocks","Large cap","Financials","$85,824,524,823","1.29%","0.00","0.00","0.00","Analyze"
"MO","Altria Group Inc","Common stocks","Large cap","Consumer Staples","$84,250,034,772","7.51%","0.00","0.00","0.00","Analyze"
"EL","Estee Lauder Inc Class A","Common stocks","Large cap","Consumer Staples","$82,786,524,000","1.06%","0.00","0.00","0.00","Analyze"
"EOG","EOG Resources Inc","Common stocks","Large cap","Energy","$82,551,719,768","2.08%","0.00","0.00","0.00","Analyze"
"VRTX","Vertex Pharmaceuticals Inc","Common stocks","Large cap","Health Care","$82,336,350,144","0.00%","0.00","0.00","0.00","Analyze"
"NOC","Northrop Grumman Corp","Common stocks","Large cap","Industrials","$81,619,616,327","1.27%","0.00","0.00","0.00","Analyze"
"REGN","Regeneron Pharmaceuticals Inc","Common stocks","Large cap","Health Care","$81,516,463,538","0.00%","0.00","0.00","0.00","Analyze"
"BKNG","Booking Holdings Inc","Common stocks","Large cap","Consumer Discretionary","$79,917,388,203","0.00%","0.00","0.00","0.00","Analyze"
"DUK","Duke Energy Corp","Common stocks","Large cap","Utilities","$77,244,996,659","3.91%","0.00","0.00","0.00","Analyze"
"PGR","Progressive Corp","Common stocks","Large cap","Financials","$76,796,250,397","1.44%","0.00","0.00","0.00","Analyze"
"TGT","Target Corp","Common stocks","Large cap","Consumer Discretionary","$75,957,141,829","2.37%","0.00","0.00","0.00","Analyze"
"SO","Southern Co","Common stocks","Large cap","Utilities","$73,724,923,912","3.93%","0.00","0.00","0.00","Analyze"
"SLB","Schlumberger Nv","Common stocks","Large cap","Energy","$73,395,357,794","0.92%","0.00","0.00","0.00","Analyze"
"ZTS","Zoetis Inc","Common stocks","Large cap","Health Care","$73,005,517,297","0.83%","0.00","0.00","0.00","Analyze"
"BDX","Becton Dickinson","Common stocks","Large cap","Health Care","$71,079,150,158","1.36%","0.00","0.00","0.00","Analyze"
"ITW","Illinois Tool Inc","Common stocks","Large cap","Industrials","$69,863,398,176","2.16%","0.00","0.00","0.00","Analyze"
"MRNA","Moderna, Inc.","Common stocks","Large cap","Health Care","$69,721,071,514","0.00%","0.00","0.00","0.00","Analyze"
"MMM","3M","Common stocks","Large cap","Industrials","$69,640,079,861","4.65%","0.00","0.00","0.00","Analyze"
"HUM","Humana Inc","Common stocks","Large cap","Health Care","$69,423,816,382","0.56%","0.00","0.00","0.00","Analyze"
"GD","General Dynamics Corp","Common stocks","Large cap","Industrials","$69,260,466,391","1.95%","0.00","0.00","0.00","Analyze"
"APD","Air Products And Chemicals Inc","Common stocks","Large cap","Materials","$69,231,057,591","2.02%","0.00","0.00","0.00","Analyze"
"WM","Waste Management Inc","Common stocks","Large cap","Industrials","$68,886,266,251","1.54%","0.00","0.00","0.00","Analyze"
"CSX","CSX Corp","Common stocks","Large cap","Industrials","$68,706,717,264","1.22%","0.00","0.00","0.00","Analyze"
"HCA","HCA Healthcare, Inc.","Common stocks","Large cap","Health Care","$67,419,451,449","0.90%","0.00","0.00","0.00","Analyze"
"USB","US Bancorp","Common stocks","Large cap","Financials","$67,382,095,090","4.04%","0.00","0.00","0.00","Analyze"
"FISV","Fiserv Inc","Common stocks","Large cap","Information Technology","$66,696,998,822","0.00%","0.00","0.00","0.00","Analyze"
"PNC","PNC Financial Services Group, Inc.","Common stocks","Large cap","Financials","$66,466,976,638","3.44%","0.00","0.00","0.00","Analyze"
"BSX","Boston Scientific Corp","Common stocks","Large cap","Health Care","$66,058,196,326","0.00%","0.00","0.00","0.00","Analyze"
"SHW","Sherwin Williams","Common stocks","Large cap","Materials","$65,203,074,900","0.95%","0.00","0.00","0.00","Analyze"
"ETN","Eaton Corporation, PLC","Common stocks","Large cap","Industrials","$64,968,272,000","1.97%","0.00","0.00","0.00","Analyze"
"CL","Colgate-Palmolive","Common stocks","Large cap","Consumer Staples","$64,937,904,828","2.37%","0.00","0.00","0.00","Analyze"
"EQIX","Equinix, Inc.","REITs","Large cap","Real Estate","$64,605,484,987","1.76%","0.00","0.00","0.00","Analyze"
"CME","CME Group Inc Class A","Common stocks","Large cap","Financials","$63,995,073,764","2.18%","0.00","0.00","0.00","Analyze"
"LRCX","Lam Research Corp","Common stocks","Large cap","Information Technology","$63,162,725,675","1.34%","0.00","0.00","0.00","Analyze"
"AON","Aon Plc","Common stocks","Large cap","Financials","$62,690,919,314","0.72%","0.00","0.00","0.00","Analyze"
"OXY","Occidental Petroleum Corp","Common stocks","Large cap","Energy","$62,533,293,451","0.58%","0.00","0.00","0.00","Analyze"
"CCI","Crown Castle International Corp.","REITs","Large cap","Real Estate","$61,367,232,222","4.10%","0.00","0.00","0.00","Analyze"
"TFC","Truist Financial Corporation","Common stocks","Large cap","Financials","$61,323,137,831","4.26%","0.00","0.00","0.00","Analyze"
"ICE","Intercontinental Exchange Inc","Common stocks","Large cap","Financials","$61,178,159,486","1.33%","0.00","0.00","0.00","Analyze"
"CHTR","Charter Communications Inc Class A","Common stocks","Large cap","Communication Services","$60,581,424,874","0.00%","0.00","0.00","0.00","Analyze"
"MU","Micron Technology Inc","Common stocks","Large cap","Information Technology","$60,326,984,726","0.77%","0.00","0.00","0.00","Analyze"
"MET","Metlife Inc","Common stocks","Large cap","Financials","$60,140,065,613","2.56%","0.00","0.00","0.00","Analyze"
"NSC","Norfolk Southern Corp","Common stocks","Large cap","Industrials","$59,350,983,645","1.92%","0.00","0.00","0.00","Analyze"
"ATVI","Activision Blizzard Inc","Common stocks","Large cap","Communication Services","$58,845,597,736","0.63%","0.00","0.00","0.00","Analyze"
"PXD","Pioneer Natural Resource","Common stocks","Large cap","Energy","$57,845,134,544","10.66%","0.00","0.00","0.00","Analyze"
"GM","General Motors","Common stocks","Large cap","Consumer Discretionary","$57,438,771,098","0.44%","0.00","0.00","0.00","Analyze"
"EMR","Emerson Electric","Common stocks","Large cap","Industrials","$56,561,496,000","2.13%","0.00","0.00","0.00","Analyze"
"FCX","Freeport-McMoRan, Inc.","Common stocks","Large cap","Materials","$56,558,476,948","0.94%","0.00","0.00","0.00","Analyze"
"MPC","Marathon Petroleum Corp","Common stocks","Large cap","Energy","$56,347,091,952","2.05%","0.00","0.00","0.00","Analyze"
"MCO","Moodys Corp","Common stocks","Large cap","Financials","$56,073,856,000","0.91%","0.00","0.00","0.00","Analyze"
"F","Ford Motor Company","Common stocks","Large cap","Consumer Discretionary","$55,610,959,684","3.51%","0.00","0.00","0.00","Analyze"
"KLAC","KLA-Tencor Corporation","Common stocks","Large cap","Information Technology","$55,373,601,909","1.20%","0.00","0.00","0.00","Analyze"
"KDP","Keurig Dr Pepper Inc.","Common stocks","Large cap","Consumer Staples","$54,823,088,094","1.95%","0.00","0.00","0.00","Analyze"
"SNPS","Synopsys Inc","Common stocks","Large cap","Information Technology","$54,717,795,337","0.00%","0.00","0.00","0.00","Analyze"
"MNST","Monster Beverage Corp","Common stocks","Large cap","Consumer Staples","$53,870,027,939","0.00%","0.00","0.00","0.00","Analyze"
"MCK","Mckesson Corp","Common stocks","Large cap","Health Care","$53,841,820,226","0.53%","0.00","0.00","0.00","Analyze"
"ORLY","Oreilly Automotive Inc","Common stocks","Large cap","Consumer Discretionary","$53,638,819,391","0.00%","0.00","0.00","0.00","Analyze"
"DG","Dollar General Corp","Common stocks","Large cap","Consumer Discretionary","$53,311,622,432","0.87%","0.00","0.00","0.00","Analyze"
"SRE","Sempra Energy","Common stocks","Large cap","Utilities","$52,562,824,961","2.68%","0.00","0.00","0.00","Analyze"
"MAR","Marriott International Inc","Common stocks","Large cap","Consumer Discretionary","$52,289,178,671","0.60%","0.00","0.00","0.00","Analyze"
"PSA","Public Storage","REITs","Large cap","Real Estate","$51,897,630,886","2.60%","0.00","0.00","0.00","Analyze"
"PSX","Phillips 66","Common stocks","Large cap","Energy","$51,063,184,293","3.49%","0.00","0.00","0.00","Analyze"
"VLO","Valero Energy Corp","Common stocks","Large cap","Energy","$50,900,638,394","2.93%","0.00","0.00","0.00","Analyze"
"GIS","General Mills Inc","Common stocks","Large cap","Consumer Staples","$50,699,815,223","2.43%","0.00","0.00","0.00","Analyze"
"D","Dominion Energy Inc","Common stocks","Large cap","Utilities","$50,304,824,126","4.36%","0.00","0.00","0.00","Analyze"
"ADM","Archer-Daniels-Midland Company","Common stocks","Large cap","Consumer Staples","$50,165,201,610","1.74%","0.00","0.00","0.00","Analyze"
"AEP","American Electric Power Inc","Common stocks","Large cap","Utilities","$49,577,567,653","3.24%","0.00","0.00","0.00","Analyze"
"CNC","Centene Corp","Common stocks","Large cap","Health Care","$48,590,744,256","0.00%","0.00","0.00","0.00","Analyze"
"CDNS","Cadence Design Systems Inc","Common stocks","Large cap","Information technology","$48,493,582,480","0.00%","0.00","0.00","0.00","Analyze"
"AZO","Autozone Inc","Common stocks","Large cap","Consumer Discretionary","$48,459,011,135","0.00%","0.00","0.00","0.00","Analyze"
"KHC","Kraft Heinz","Common stocks","Large cap","Consumer Staples","$48,372,492,176","3.99%","0.00","0.00","0.00","Analyze"
"APH","Amphenol Corp","Common stocks","Large cap","Information Technology","$48,125,295,450","0.98%","0.00","0.00","0.00","Analyze"
"EW","Edwards Lifesciences Corp","Common stocks","Large cap","Health Care","$47,952,284,302","0.00%","0.00","0.00","0.00","Analyze"
"HSY","Hershey Foods","Common stocks","Large cap","Consumer Staples","$47,553,950,400","1.66%","0.00","0.00","0.00","Analyze"
"CTVA","Corteva, Inc.","Common stocks","Large cap","Materials","$47,335,095,000","0.87%","0.00","0.00","0.00","Analyze"
"ROP","Roper Technologies Inc","Common stocks","Large cap","Information Technology","$47,164,529,975","0.56%","0.00","0.00","0.00","Analyze"
"CTAS","Cintas Corp","Common stocks","Large cap","Industrials","$46,959,634,621","0.90%","0.00","0.00","0.00","Analyze"
"FDX","FedEx Corporation","Common stocks","Large cap","Industrials","$46,956,661,466","2.09%","0.00","0.00","0.00","Analyze"
"AIG","American International Group Inc","Common stocks","Large cap","Financials","$46,882,038,631","2.01%","0.00","0.00","0.00","Analyze"
"A","Agilent Technologies Inc","Common stocks","Large cap","Health Care","$46,217,853,788","0.54%","0.00","0.00","0.00","Analyze"
"KMB","Kimberly Clark Corp","Common stocks","Large cap","Consumer Staples","$46,101,420,040","3.34%","0.00","0.00","0.00","Analyze"
"JCI","Johnson Controls International Plc","Common stocks","Large cap","Industrials","$45,940,490,174","2.06%","0.00","0.00","0.00","Analyze"
"DXCM","Dexcom Inc","Common stocks","Large cap","Health Care","$45,590,046,494","0.00%","0.00","0.00","0.00","Analyze"
"MSI","Motorola Solutions Inc","Common stocks","Large cap","Information Technology","$45,442,488,142","1.16%","0.00","0.00","0.00","Analyze"
"PAYX","Paychex Inc","Common stocks","Large cap","Information Technology","$45,374,435,918","2.38%","0.00","0.00","0.00","Analyze"
"CMG","Chipotle Mexican Grill Inc","Common stocks","Large cap","Consumer Discretionary","$45,069,815,523","0.00%","0.00","0.00","0.00","Analyze"
"NXPI","NXP Semiconductors Nv","Common stocks","Large cap","Information Technology","$44,944,350,465","1.77%","0.00","0.00","0.00","Analyze"
"AFL","Aflac Inc","Common stocks","Large cap","Financials","$44,712,815,350","2.20%","0.00","0.00","0.00","Analyze"
"ADSK","Autodesk Inc","Common stocks","Large cap","Information Technology","$44,667,712,803","0.00%","0.00","0.00","0.00","Analyze"
"DVN","Devon Energy Corp","Common stocks","Large cap","Energy","$44,634,636,000","4.74%","0.00","0.00","0.00","Analyze"
"TRV","Travelers Companies Inc","Common stocks","Large cap","Financials","$44,324,490,879","1.90%","0.00","0.00","0.00","Analyze"
"HES","Hess Corp","Common stocks","Large cap","Energy","$44,202,184,770","0.95%","0.00","0.00","0.00","Analyze"
"RSG","Republic Services Inc","Common stocks","Large cap","Industrials","$44,161,130,806","1.33%","0.00","0.00","0.00","Analyze"
"SYY","Sysco Corp","Common stocks","Large cap","Consumer Staples","$43,602,277,937","2.21%","0.00","0.00","0.00","Analyze"
"BIIB","Biogen Inc","Common stocks","Large cap","Health Care","$43,466,823,797","0.00%","0.00","0.00","0.00","Analyze"
"FIS","Fidelity National Information Services","Common stocks","Large cap","Information Technology","$43,423,508,590","2.44%","0.00","0.00","0.00","Analyze"
"ECL","Ecolab Inc","Common stocks","Large cap","Materials","$43,276,775,436","1.34%","0.00","0.00","0.00","Analyze"
"FTNT","Fortinet Inc","Common stocks","Large cap","Information Technology","$43,264,850,289","0.00%","0.00","0.00","0.00","Analyze"
"MCHP","Microchip Technology Inc","Common stocks","Large cap","Information Technology","$43,076,682,167","1.47%","0.00","0.00","0.00","Analyze"
"KMI","Kinder Morgan Inc","Common stocks","Large cap","Energy","$43,044,260,660","5.63%","0.00","0.00","0.00","Analyze"
"LHX","L3Harris Technologies, Inc.","Common stocks","Large cap","Industrials","$42,914,885,965","1.97%","0.00","0.00","0.00","Analyze"
"ANET","Arista Networks Inc","Common stocks","Large cap","Information Technology","$42,712,940,264","0.00%","0.00","0.00","0.00","Analyze"
"ENPH","Enphase Energy Inc","Common stocks","Large cap","Information Technology","$42,680,001,608","0.00%","0.00","0.00","0.00","Analyze"
"WMB","Williams Inc","Common stocks","Large cap","Energy","$42,544,426,794","4.74%","0.00","0.00","0.00","Analyze"
"AJG","Arthur J Gallagher","Common stocks","Large cap","Financials","$42,108,964,800","1.02%","0.00","0.00","0.00","Analyze"
"STZ","Constellation Brands Class A","Common stocks","Large cap","Consumer Staples","$41,712,002,123","1.22%","0.00","0.00","0.00","Analyze"
"MSCI","MSCI Inc","Common stocks","Large cap","Financials","$41,689,388,171","0.88%","0.00","0.00","0.00","Analyze"
"EXC","Exelon Corp","Common stocks","Large cap","Utilities","$41,270,106,506","3.21%","0.00","0.00","0.00","Analyze"
"TT","Trane Technologies plc","Common stocks","Large cap","Industrials","$41,036,154,001","1.49%","0.00","0.00","0.00","Analyze"
"IQV","IQVIA Holdings, Inc.","Common stocks","Large cap","Health Care","$40,964,962,073","0.00%","0.00","0.00","0.00","Analyze"
"ROST","Ross Stores Inc","Common stocks","Large cap","Consumer Discretionary","$40,946,469,498","1.02%","0.00","0.00","0.00","Analyze"
"TEL","TE Connectivity Ltd","Common stocks","Large cap","Information Technology","$40,224,835,388","1.71%","0.00","0.00","0.00","Analyze"
"PRU","Prudential Financial Inc","Common stocks","Large cap","Financials","$40,075,560,000","4.38%","0.00","0.00","0.00","Analyze"
"O","Realty Income Corporation","REITs","Large cap","Real Estate","$39,391,534,009","4.63%","0.00","0.00","0.00","Analyze"
"SPG","Simon Property Group, Inc","REITs","Large cap","Real Estate","$38,909,818,587","5.54%","0.00","0.00","0.00","Analyze"
"NEM","Newmont Corporation","Common stocks","Large cap","Materials","$38,551,890,165","4.46%","0.00","0.00","0.00","Analyze"
"HLT","Hilton Worldwide Holdings Inc","Common stocks","Large cap","Consumer Discretionary","$38,485,891,219","0.32%","0.00","0.00","0.00","Analyze"
"XEL","Xcel Energy Inc","Common stocks","Large cap","Utilities","$38,411,371,934","2.71%","0.00","0.00","0.00","Analyze"
"NUE","Nucor Corp","Common stocks","Large cap","Materials","$38,289,148,718","1.33%","0.00","0.00","0.00","Analyze"
"PH","Parker-Hannifin Corp","Common stocks","Large cap","Industrials","$38,203,273,087","1.67%","0.00","0.00","0.00","Analyze"
"COF","Capital One Financial Corp","Common stocks","Large cap","Financials","$37,910,302,171","2.38%","0.00","0.00","0.00","Analyze"
"CARR","Carrier Global Corporation","Common stocks","Large cap","Industrials","$37,573,229,869","1.33%","0.00","0.00","0.00","Analyze"
"BK","Bank Of New York Mellon Corp","Common stocks","Large cap","Financials","$36,986,890,466","3.06%","0.00","0.00","0.00","Analyze"
"PCAR","Paccar Inc","Common stocks","Large cap","Industrials","$36,845,974,571","1.30%","0.00","0.00","0.00","Analyze"
"YUM","Yum Brands Inc","Common stocks","Large cap","Consumer Discretionary","$36,391,255,409","1.75%","0.00","0.00","0.00","Analyze"
"IDXX","Idexx Laboratories Inc","Common stocks","Large cap","Health Care","$36,370,723,006","0.00%","0.00","0.00","0.00","Analyze"
"EA","Electronic Arts Inc","Common stocks","Large cap","Communication Services","$36,337,680,399","0.69%","0.00","0.00","0.00","Analyze"
"DOW","Dow Inc.","Common stocks","Large cap","Materials","$35,940,985,868","5.38%","0.00","0.00","0.00","Analyze"
"LVS","Las Vegas Sands Corp","Common stocks","Large cap","Consumer Discretionary","$35,831,755,931","0.00%","0.00","0.00","0.00","Analyze"
"WBA","Walgreen Boots Alliance Inc","Common stocks","Large cap","Consumer Staples","$35,725,428,789","4.56%","0.00","0.00","0.00","Analyze"
"BF.B","Brown Forman Inc Class B","Common stocks","Large cap","Consumer Staples","$35,462,063,242","1.04%","0.00","0.00","0.00","Analyze"
"ABC","AmerisourceBergen Corp","Common stocks","Large cap","Health Care","$35,300,097,907","1.08%","0.00","0.00","0.00","Analyze"
"AMP","Ameriprise Finance Inc","Common stocks","Large cap","Financials","$35,216,643,665","1.47%","0.00","0.00","0.00","Analyze"
"CMI","Cummins Inc","Common stocks","Large cap","Industrials","$35,151,258,878","2.40%","0.00","0.00","0.00","Analyze"
"ALL","Allstate Corp","Common stocks","Large cap","Financials","$35,010,315,864","2.55%","0.00","0.00","0.00","Analyze"
"DD","DuPont de Nemours, Inc.","Common stocks","Large cap","Materials","$34,983,877,718","1.86%","0.00","0.00","0.00","Analyze"
"ILMN","Illumina Inc","Common stocks","Large cap","Health Care","$34,741,278,000","0.00%","0.00","0.00","0.00","Analyze"
"ED","Consolidated Edison Inc","Common stocks","Large cap","Utilities","$34,723,329,677","3.19%","0.00","0.00","0.00","Analyze"
"KR","Kroger","Common stocks","Large cap","Consumer Staples","$34,652,183,903","1.93%","0.00","0.00","0.00","Analyze"
"TDG","Transdigm Group Inc","Common stocks","Large cap","Industrials","$34,508,293,605","0.00%","0.00","0.00","0.00","Analyze"
"HAL","Halliburton","Common stocks","Large cap","Energy","$34,405,892,381","1.07%","0.00","0.00","0.00","Analyze"
"CSGP","Costar Group Inc","Common stocks","Large cap","Industrials","$33,734,940,477","0.00%","0.00","0.00","0.00","Analyze"
"NDAQ","Nasdaq Inc","Common stocks","Large cap","Financials","$33,647,734,736","1.13%","0.00","0.00","0.00","Analyze"
"RMD","Resmed Inc","Common stocks","Large cap","Health Care","$33,594,560,291","0.75%","0.00","0.00","0.00","Analyze"
"WELL","Welltower Inc","REITs","Large cap","Real Estate","$33,544,297,452","2.56%","0.00","0.00","0.00","Analyze"
"DLTR","Dollar Tree Inc","Common stocks","Large cap","Consumer Discretionary","$33,527,842,400","0.00%","0.00","0.00","0.00","Analyze"
"ODFL","Old Dominion Freight Line Inc","Common stocks","Large cap","Industrials","$33,242,815,244","0.30%","0.00","0.00","0.00","Analyze"
"MTD","Mettler Toledo Inc","Common stocks","Large cap","Health Care","$33,225,698,692","0.00%","0.00","0.00","0.00","Analyze"
"AME","Ametek Inc","Common stocks","Large cap","Industrials","$32,907,178,546","0.60%","0.00","0.00","0.00","Analyze"
"OTIS","Otis Worldwide Corporation","Common stocks","Large cap","Industrials","$32,839,480,450","1.40%","0.00","0.00","0.00","Analyze"
"VICI","VICI Properties Inc","REITs","Large cap","Real Estate","$32,610,493,133","4.26%","0.00","0.00","0.00","Analyze"
"SBAC","SBA Communications Corporation","REITs","Large cap","Real Estate","$32,520,299,701","0.94%","0.00","0.00","0.00","Analyze"
"KEYS","Keysight Technologies Inc","Common stocks","Large cap","Information Technology","$32,447,947,987","0.00%","0.00","0.00","0.00","Analyze"
"ALB","Albemarle Corp","Common stocks","Large cap","Materials","$32,250,992,660","0.57%","0.00","0.00","0.00","Analyze"
"CTSH","Cognizant Technology Solutions","Common stocks","Large cap","Information Technology","$32,181,760,072","1.71%","0.00","0.00","0.00","Analyze"
"DLR","Digital Realty Trust, Inc","REITs","Large cap","Real Estate","$32,116,238,118","4.25%","0.00","0.00","0.00","Analyze"
"ON","ON Semiconductor Corp","Common stocks","Large cap","Information Technology","$31,995,020,166","0.00%","0.00","0.00","0.00","Analyze"
"PPG","PPG Industries Inc","Common stocks","Large cap","Materials","$31,719,297,094","1.78%","0.00","0.00","0.00","Analyze"
"PCG","Pacific Gas & Electric Co.","Common stocks","Large cap","Utilities","$31,083,800,000","0.00%","0.00","0.00","0.00","Analyze"
"CEG","Constellation Energy Corporation","Common stocks","Large cap","Utilities","$30,893,380,541","0.60%","0.00","0.00","0.00","Analyze"
"WEC","WEC Energy Group Inc","Common stocks","Large cap","Utilities","$30,688,625,521","2.93%","0.00","0.00","0.00","Analyze"
"ROK","Rockwell Automation Inc","Common stocks","Large cap","Industrials","$30,634,677,546","1.68%","0.00","0.00","0.00","Analyze"
"GWW","W.W. Grainger Inc","Common stocks","Large cap","Industrials","$30,478,240,856","1.12%","0.00","0.00","0.00","Analyze"
"PEG","Public Service Enterprise Group Inc","Common stocks","Large cap","Utilities","$30,136,564,538","3.49%","0.00","0.00","0.00","Analyze"
"HPQ","HP Inc","Common stocks","Large cap","Information Technology","$30,037,333,434","3.31%","0.00","0.00","0.00","Analyze"
"OKE","Oneok Inc","Common stocks","Large cap","Energy","$30,035,298,182","5.44%","0.00","0.00","0.00","Analyze"
"DHI","D R Horton Inc","Common stocks","Large cap","Consumer Discretionary","$29,854,384,381","1.32%","0.00","0.00","0.00","Analyze"
"FAST","Fastenal","Common stocks","Large cap","Industrials","$29,531,499,413","2.38%","0.00","0.00","0.00","Analyze"
"BKR","Baker Hughes Company Class A","Common stocks","Large cap","Energy","$29,302,940,484","2.47%","0.00","0.00","0.00","Analyze"
"ES","Eversource Energy","Common stocks","Large cap","Utilities","$29,226,475,277","2.97%","0.00","0.00","0.00","Analyze"
"VRSK","Verisk Analytics Inc","Common stocks","Large cap","Industrials","$29,110,053,013","0.65%","0.00","0.00","0.00","Analyze"
"DFS","Discover Financial Services","Common stocks","Large cap","Financials","$29,106,740,745","2.14%","0.00","0.00","0.00","Analyze"
"MTB","M&T Bank Corp","Common stocks","Large cap","Financials","$29,054,277,894","2.83%","0.00","0.00","0.00","Analyze"
"GLW","Corning Inc","Common stocks","Large cap","Information Technology","$28,960,581,514","3.12%","0.00","0.00","0.00","Analyze"
"STT","State Street Corp","Common stocks","Large cap","Financials","$28,885,528,372","2.93%","0.00","0.00","0.00","Analyze"
"APTV","Aptiv Plc","Common stocks","Large cap","Consumer Discretionary","$28,501,186,215","0.00%","0.00","0.00","0.00","Analyze"
"TROW","T Rowe Price Group Inc","Common stocks","Large cap","Financials","$28,400,142,957","3.63%","0.00","0.00","0.00","Analyze"
"WBD","Warner Bros. Discovery, Inc. - Series A","Common stocks","Large cap","Communication Services","$28,242,245,654","0.00%","0.00","0.00","0.00","Analyze"
"IT","Gartner Inc","Common stocks","Large cap","Information Technology","$28,154,015,863","0.00%","0.00","0.00","0.00","Analyze"
"AWK","American Water Works Inc","Common stocks","Large cap","Utilities","$28,003,310,875","1.66%","0.00","0.00","0.00","Analyze"
"GPN","Global Payments Inc","Common stocks","Large cap","Information Technology","$27,994,630,645","0.96%","0.00","0.00","0.00","Analyze"
"LYB","Lyondellbasell Industries NV","Common stocks","Large cap","Materials","$27,560,852,009","5.46%","0.00","0.00","0.00","Analyze"
"IFF","International Flavors & Fragrances","Common stocks","Large cap","Materials","$27,214,670,885","2.95%","0.00","0.00","0.00","Analyze"
"WTW","Willis Towers Watson Public Limited Company","Common stocks","Large cap","Financials","$26,692,479,715","1.32%","0.00","0.00","0.00","Analyze"
"BAX","Baxter International Inc","Common stocks","Large cap","Health Care","$26,405,845,356","2.18%","0.00","0.00","0.00","Analyze"
"GPC","Genuine Parts","Common stocks","Large cap","Consumer Discretionary","$26,100,733,430","1.92%","0.00","0.00","0.00","Analyze"
"HRL","Hormel Foods Corp","Common stocks","Large cap","Consumer Staples","$25,993,543,974","2.17%","0.00","0.00","0.00","Analyze"
"CDW","CDW Corp","Common stocks","Large cap","Information Technology","$25,888,109,668","1.09%","0.00","0.00","0.00","Analyze"
"ZBH","Zimmer Biomet Holdings Inc","Common stocks","Large cap","Health Care","$25,885,292,553","0.78%","0.00","0.00","0.00","Analyze"
"FANG","Diamondback Energy Inc","Common stocks","Large cap","Energy","$25,466,994,092","1.91%","0.00","0.00","0.00","Analyze"
"ARE","Alexandria Real Estate Equities, Inc","REITs","Large cap","Real Estate","$25,412,196,434","2.97%","0.00","0.00","0.00","Analyze"
"RJF","Raymond James Inc","Common stocks","Large cap","Financials","$25,250,616,102","1.15%","0.00","0.00","0.00","Analyze"
"LEN","Lennar Corporation Class A","Common stocks","Large cap","Consumer Discretionary","$25,133,450,704","1.69%","0.00","0.00","0.00","Analyze"
"CBRE","CBRE Group Inc","Common stocks","Large cap","Real Estate","$25,130,546,713","0.00%","0.00","0.00","0.00","Analyze"
"EIX","Edison International","Common stocks","Large cap","Utilities","$25,020,428,640","4.20%","0.00","0.00","0.00","Analyze"
"K","Kellogg","Common stocks","Large cap","Consumer Staples","$24,896,052,000","3.16%","0.00","0.00","0.00","Analyze"
"TSCO","Tractor Supply","Common stocks","Large cap","Consumer Discretionary","$24,813,358,724","1.63%","0.00","0.00","0.00","Analyze"
"EFX","Equifax Inc","Common stocks","Large cap","Industrials","$24,764,183,515","0.77%","0.00","0.00","0.00","Analyze"
"URI","United Rentals Inc","Common stocks","Large cap","Industrials","$24,702,928,798","0.00%","0.00","0.00","0.00","Analyze"
"FITB","Fifth Third Bancorp","Common stocks","Large cap","Financials","$24,552,390,858","3.39%","0.00","0.00","0.00","Analyze"
"EBAY","Ebay Inc","Common stocks","Large cap","Consumer Discretionary","$24,506,484,369","1.94%","0.00","0.00","0.00","Analyze"
"EQR","Equity Residential","REITs","Large cap","Real Estate","$24,432,458,178","3.78%","0.00","0.00","0.00","Analyze"
"VMC","Vulcan Materials","Common stocks","Large cap","Materials","$24,432,269,177","0.87%","0.00","0.00","0.00","Analyze"
"AVB","AvalonBay Communities, Inc","REITs","Large cap","Real Estate","$24,367,320,597","3.61%","0.00","0.00","0.00","Analyze"
"ULTA","Ulta Beauty Inc","Common stocks","Large cap","Consumer Discretionary","$24,203,694,450","0.00%","0.00","0.00","0.00","Analyze"
"HIG","Hartford Financial Services Group","Common stocks","Large cap","Financials","$24,057,822,000","2.07%","0.00","0.00","0.00","Analyze"
"FTV","Fortive Corp","Common stocks","Large cap","Industrials","$24,020,042,296","0.41%","0.00","0.00","0.00","Analyze"
"LUV","Southwest Airlines","Common stocks","Large cap","Industrials","$23,797,580,320","0.00%","0.00","0.00","0.00","Analyze"
"WY","Weyerhaeuser Company","REITs","Large cap","Real Estate","$23,755,400,760","2.21%","0.00","0.00","0.00","Analyze"
"ETR","Entergy Corp","Common stocks","Large cap","Utilities","$23,665,149,658","3.44%","0.00","0.00","0.00","Analyze"
"FE","Firstenergy Corp","Common stocks","Large cap","Utilities","$23,659,147,209","3.71%","0.00","0.00","0.00","Analyze"
"TSN","Tyson Foods Inc Class A","Common stocks","Large cap","Consumer Staples","$23,548,572,400","2.82%","0.00","0.00","0.00","Analyze"
"MKC","McCormick & Co  Non-voting","Common stocks","Large cap","Consumer Staples","$22,996,028,924","1.71%","0.00","0.00","0.00","Analyze"
"AEE","Ameren Corp","Common stocks","Large cap","Utilities","$22,930,916,390","2.60%","0.00","0.00","0.00","Analyze"
"FRC","First Republic Bank","Common stocks","Large cap","Financials","$22,879,817,849","0.81%","0.00","0.00","0.00","Analyze"
"MLM","Martin Marietta Materials Inc","Common stocks","Large cap","Materials","$22,686,697,774","0.69%","0.00","0.00","0.00","Analyze"
"DAL","Delta Air Lines Inc","Common stocks","Large cap","Industrials","$22,685,244,248","0.00%","0.00","0.00","0.00","Analyze"
"ANSS","Ansys Inc","Common stocks","Large cap","Information Technology","$22,615,207,328","0.00%","0.00","0.00","0.00","Analyze"
"DTE","DTE Energy","Common stocks","Large cap","Utilities","$22,497,319,995","3.02%","0.00","0.00","0.00","Analyze"
"HBAN","Huntington Bancshares Inc","Common stocks","Large cap","Financials","$22,492,227,035","3.91%","0.00","0.00","0.00","Analyze"
"PFG","Principal Financial Group Inc","Common stocks","Large cap","Financials","$22,246,559,267","2.78%","0.00","0.00","0.00","Analyze"
"ACGL","Arch Capital Group Ltd","Common stocks","Large cap","Financials","$22,103,612,094","0.00%","0.00","0.00","0.00","Analyze"
"IR","Ingersoll Rand Plc","Common stocks","Large cap","Industrials","$21,983,418,587","0.15%","0.00","0.00","0.00","Analyze"
"VRSN","Verisign Inc","Common stocks","Large cap","Information Technology","$21,687,786,404","0.00%","0.00","0.00","0.00","Analyze"
"PWR","Quanta Services Inc","Common stocks","Large cap","Industrials","$21,682,392,400","0.18%","0.00","0.00","0.00","Analyze"
"HPE","Hewlett Packard Enterprise","Common stocks","Large cap","Information Technology","$21,642,309,071","2.82%","0.00","0.00","0.00","Analyze"
"CTRA","Coterra Energy Inc.","Common stocks","Large cap","Energy","$21,627,659,438","2.13%","0.00","0.00","0.00","Analyze"
"PPL","PPL Corporation","Common stocks","Large cap","Utilities","$21,566,762,538","3.59%","0.00","0.00","0.00","Analyze"
"RF","Regions Financial Corp","Common stocks","Large cap","Financials","$21,482,904,482","2.33%","0.00","0.00","0.00","Analyze"
"EXR","Extra Space Storage Inc","REITs","Large cap","Real Estate","$21,434,140,556","3.55%","0.00","0.00","0.00","Analyze"
"LH","Laboratory Corporation Of America","Common stocks","Large cap","Health Care","$21,420,822,000","0.89%","0.00","0.00","0.00","Analyze"
"EPAM","Epam Systems Inc","Common stocks","Large cap","Information Technology","$21,256,985,165","0.00%","0.00","0.00","0.00","Analyze"
"PAYC","Paycom Software Inc","Common stocks","Large cap","Information Technology","$20,780,252,155","0.00%","0.00","0.00","0.00","Analyze"
"CAH","Cardinal Health Inc","Common stocks","Large cap","Health Care","$20,776,745,041","2.46%","0.00","0.00","0.00","Analyze"
"CFG","Citizens Financial Group Inc","Common stocks","Large cap","Financials","$20,674,770,753","3.80%","0.00","0.00","0.00","Analyze"
"WAT","Waters Corp","Common stocks","Large cap","Health Care","$20,610,269,995","0.00%","0.00","0.00","0.00","Analyze"
"XYL","Xylem Inc","Common stocks","Large cap","Industrials","$20,509,210,342","1.05%","0.00","0.00","0.00","Analyze"
"CF","CF Industries Holdings Inc","Common stocks","Large cap","Materials","$20,333,075,945","1.44%","0.00","0.00","0.00","Analyze"
"CHD","Church And Dwight Inc","Common stocks","Large cap","Consumer Staples","$20,055,732,857","1.27%","0.00","0.00","0.00","Analyze"
"DOV","Dover Corp","Common stocks","Large cap","Industrials","$19,999,034,336","1.40%","0.00","0.00","0.00","Analyze"
"WRB","WR Berkley Corp","Common stocks","Large cap","Financials","$19,993,006,673","0.49%","0.00","0.00","0.00","Analyze"
"TDY","Teledyne Technologies Inc","Common stocks","Large cap","Information Technology","$19,894,435,424","0.00%","0.00","0.00","0.00","Analyze"
"ROL","Rollins Inc","Common stocks","Large cap","Industrials","$19,890,961,690","1.06%","0.00","0.00","0.00","Analyze"
"INVH","Invitation Homes Inc","REITs","Large cap","Real Estate","$19,779,110,556","2.69%","0.00","0.00","0.00","Analyze"
"MOH","Molina Healthcare Inc","Common stocks","Large cap","Health Care","$19,554,072,000","0.00%","0.00","0.00","0.00","Analyze"
"CNP","Centerpoint Energy Inc","Common stocks","Large cap","Utilities","$19,534,490,630","2.24%","0.00","0.00","0.00","Analyze"
"NTRS","Northern Trust Corporation","Common stocks","Large cap","Financials","$19,513,959,463","3.01%","0.00","0.00","0.00","Analyze"
"BBY","Best Buy Inc","Common stocks","Large cap","Consumer Discretionary","$19,467,060,881","3.80%","0.00","0.00","0.00","Analyze"
"STE","STERIS PLC","Common stocks","Large cap","Health Care","$19,196,952,091","0.93%","0.00","0.00","0.00","Analyze"
"AES","AES Corp","Common stocks","Large cap","Utilities","$19,183,517,624","2.18%","0.00","0.00","0.00","Analyze"
"MRO","Marathon Oil Corp","Common stocks","Large cap","Energy","$19,109,191,306","1.06%","0.00","0.00","0.00","Analyze"
"MAA","Mid-America Apartment Communities, Inc","REITs","Large cap","Real Estate","$18,963,635,896","2.82%","0.00","0.00","0.00","Analyze"
"JBHT","JB Hunt Transport Services Inc","Common stocks","Large cap","Industrials","$18,927,676,299","0.87%","0.00","0.00","0.00","Analyze"
"HOLX","Hologic Inc","Common stocks","Large cap","Health Care","$18,926,741,105","0.00%","0.00","0.00","0.00","Analyze"
"WAB","Westinghouse Air Brake Technologies","Common stocks","Large cap","Industrials","$18,739,664,707","0.58%","0.00","0.00","0.00","Analyze"
"VTR","Ventas, Inc","REITs","Large cap","Real Estate","$18,534,922,964","3.83%","0.00","0.00","0.00","Analyze"
"CLX","Clorox","Common stocks","Large cap","Consumer Staples","$18,490,445,678","3.08%","0.00","0.00","0.00","Analyze"
"AMCR","Amcor plc","Common stocks","Large cap","Materials","$18,434,062,103","3.84%","0.00","0.00","0.00","Analyze"
"EXPD","Expeditors International Of Washington","Common stocks","Large cap","Industrials","$18,340,468,256","1.16%","0.00","0.00","0.00","Analyze"
"IEX","IDEX Corp","Common stocks","Large cap","Industrials","$18,156,877,781","0.97%","0.00","0.00","0.00","Analyze"
"CAG","Conagra Brands Inc","Common stocks","Large cap","Consumer Staples","$18,130,216,915","3.35%","0.00","0.00","0.00","Analyze"
"GRMN","Garmin Ltd","Common stocks","Large cap","Consumer Discretionary","$18,085,408,718","2.93%","0.00","0.00","0.00","Analyze"
"FDS","Factset Research Systems Inc","Common stocks","Large cap","Financials","$17,988,454,611","0.74%","0.00","0.00","0.00","Analyze"
"INCY","Incyte Corp","Common stocks","Large cap","Health Care","$17,949,320,758","0.00%","0.00","0.00","0.00","Analyze"
"MPWR","Monolithic Power Systems Inc","Common stocks","Large cap","Information Technology","$17,935,129,940","0.74%","0.00","0.00","0.00","Analyze"
"WST","West Pharmaceutical Services Inc","Common stocks","Large cap","Health Care","$17,917,463,514","0.30%","0.00","0.00","0.00","Analyze"
"PKI","Perkinelmer Inc","Common stocks","Large cap","Health Care","$17,892,244,062","0.20%","0.00","0.00","0.00","Analyze"
"TTWO","Take Two Interactive Software Inc","Common stocks","Large cap","Communication Services","$17,855,955,006","0.00%","0.00","0.00","0.00","Analyze"
"DRI","Darden Restaurants Inc","Common stocks","Large cap","Consumer Discretionary","$17,825,675,143","3.13%","0.00","0.00","0.00","Analyze"
"CMS","CMS Energy Corp","Common stocks","Large cap","Utilities","$17,824,350,879","2.96%","0.00","0.00","0.00","Analyze"
"BR","Broadridge Financial Solutions Inc","Common stocks","Large cap","Information Technology","$17,631,826,705","1.75%","0.00","0.00","0.00","Analyze"
"BALL","Ball Corporation","Common stocks","Large cap","Materials","$17,532,440,378","1.43%","0.00","0.00","0.00","Analyze"
"ETSY","Etsy Inc","Common stocks","Large cap","Consumer Discretionary","$17,519,694,367","0.00%","0.00","0.00","0.00","Analyze"
"J","Jacobs Engineering Group Inc.","Common stocks","Large cap","Industrials","$17,485,555,712","0.68%","0.00","0.00","0.00","Analyze"
"CINF","Cincinnati Financial Corp","Common stocks","Large cap","Financials","$17,466,320,305","2.41%","0.00","0.00","0.00","Analyze"
"KEY","Keycorp","Common stocks","Large cap","Financials","$17,465,190,781","4.15%","0.00","0.00","0.00","Analyze"
"DGX","Quest Diagnostics Inc","Common stocks","Large cap","Health Care","$17,380,366,186","1.69%","0.00","0.00","0.00","Analyze"
"ABMD","Abiomed Inc","Common stocks","Large cap","Health Care","$17,019,216,489","0.00%","0.00","0.00","0.00","Analyze"
"FOX","Fox Corporation Class B","Common stocks","Large cap","Communication Services","$16,983,265,470","1.61%","0.00","0.00","0.00","Analyze"
"FOXA","Fox Corporation Class A","Common stocks","Large cap","Communication Services","$16,983,265,470","1.52%","0.00","0.00","0.00","Analyze"
"LYV","Live Nation Entertainment Inc","Common stocks","Large cap","Communication Services","$16,981,215,100","0.00%","0.00","0.00","0.00","Analyze"
"TRGP","Targa Resources Corp","Common stocks","Large cap","Energy","$16,966,835,256","1.85%","0.00","0.00","0.00","Analyze"
"MOS","Mosaic","Common stocks","Large cap","Materials","$16,717,618,769","1.14%","0.00","0.00","0.00","Analyze"
"BRO","Brown & Brown Inc","Common stocks","Large cap","Financials","$16,687,461,864","0.72%","0.00","0.00","0.00","Analyze"
"ATO","Atmos Energy Corp","Common stocks","Large cap","Utilities","$16,554,408,674","2.36%","0.00","0.00","0.00","Analyze"
"SEDG","SolarEdge Technologies Inc","Common stocks","Large cap","Information Technology","$16,532,027,179","0.00%","0.00","0.00","0.00","Analyze"
"SJM","J.M. Smucker","Common stocks","Large cap","Consumer Staples","$16,403,437,689","2.57%","0.00","0.00","0.00","Analyze"
"FMC","FMC Corp","Common stocks","Large cap","Materials","$16,379,348,968","1.62%","0.00","0.00","0.00","Analyze"
"OMC","Omnicom Group Inc","Common stocks","Large cap","Communication Services","$16,284,741,982","3.45%","0.00","0.00","0.00","Analyze"
"SYF","Synchrony Financial","Common stocks","Large cap","Financials","$16,192,458,922","2.48%","0.00","0.00","0.00","Analyze"
"COO","Cooper Companies, Inc.","Common stocks","Large cap","Health Care","$16,117,385,621","0.02%","0.00","0.00","0.00","Analyze"
"CPRT","Copart Inc","Common stocks","Large cap","Industrials","$16,110,141,884","0.00%","0.00","0.00","0.00","Analyze"
"CPB","Campbell Soup","Common stocks","Large cap","Consumer Staples","$16,064,052,549","2.73%","0.00","0.00","0.00","Analyze"
"EXPE","Expedia Inc","Common stocks","Large cap","Consumer Discretionary","$15,949,607,224","0.00%","0.00","0.00","0.00","Analyze"
"IRM","Iron Mountain Incorporated","REITs","Large cap","Real Estate","$15,925,314,947","4.44%","0.00","0.00","0.00","Analyze"
"HWM","Howmet Aerospace Inc.","Common stocks","Large cap","Industrials","$15,890,679,341","0.26%","0.00","0.00","0.00","Analyze"
"ALGN","Align Technology Inc","Common stocks","Large cap","Health Care","$15,760,729,061","0.00%","0.00","0.00","0.00","Analyze"
"AVY","Avery Dennison Corp","Common stocks","Large cap","Materials","$15,640,784,434","1.13%","0.00","0.00","0.00","Analyze"
"RCL","Royal Caribbean Cruises Ltd","Common stocks","Large cap","Consumer Discretionary","$15,543,136,534","0.00%","0.00","0.00","0.00","Analyze"
"GEN","Gen Digital Inc.","Common stocks","Large cap","Information Technology","$15,476,310,773","2.10%","0.00","0.00","0.00","Analyze"
"EQT","EQT Corporation","Common stocks","Large cap","Energy","$15,239,750,128","1.32%","0.00","0.00","0.00","Analyze"
"SWKS","Skyworks Solutions Inc","Common stocks","Large cap","Information Technology","$15,210,496,248","2.46%","0.00","0.00","0.00","Analyze"
"NVR","NVR, Inc.","Common stocks","Large cap","Consumer Discretionary","$15,148,056,956","0.00%","0.00","0.00","0.00","Analyze"
"TRMB","Trimble Inc","Common stocks","Large cap","Information Technology","$15,073,701,114","0.00%","0.00","0.00","0.00","Analyze"
"APA","Apache Corp","Common stocks","Large cap","Energy","$15,021,031,343","1.33%","0.00","0.00","0.00","Analyze"
"LDOS","Leidos Holdings Inc","Common stocks","Large cap","Industrials","$14,983,909,238","1.31%","0.00","0.00","0.00","Analyze"
"PTC","PTC Inc","Common stocks","Large cap","Information Technology","$14,976,501,328","0.00%","0.00","0.00","0.00","Analyze"
"AKAM","Akamai Technologies Inc","Common stocks","Large cap","Information Technology","$14,969,466,198","0.00%","0.00","0.00","0.00","Analyze"
"NTAP","NetApp Inc","Common stocks","Large cap","Information Technology","$14,796,083,539","2.91%","0.00","0.00","0.00","Analyze"
"TXT","Textron Inc","Common stocks","Large cap","Industrials","$14,793,546,506","0.11%","0.00","0.00","0.00","Analyze"
"LKQ","LKQ Corp","Common stocks","Large cap","Consumer Discretionary","$14,715,998,174","1.85%","0.00","0.00","0.00","Analyze"
"TYL","Tyler Technologies Inc","Common stocks","Large cap","Information Technology","$14,666,821,273","0.00%","0.00","0.00","0.00","Analyze"
"FLT","Fleetcor Technologies Inc","Common stocks","Large cap","Information Technology","$14,476,113,613","0.00%","0.00","0.00","0.00","Analyze"
"TER","Teradyne Inc","Common stocks","Large cap","Information Technology","$14,374,734,714","0.48%","0.00","0.00","0.00","Analyze"
"UAL","United Continental Holdings Inc","Common stocks","Large cap","Industrials","$14,340,824,795","0.00%","0.00","0.00","0.00","Analyze"
"MGM","MGM Resorts International","Common stocks","Large cap","Consumer Discretionary","$14,312,436,432","0.03%","0.00","0.00","0.00","Analyze"
"ESS","Essex Property Trust, Inc","REITs","Large cap","Real Estate","$14,240,010,797","3.90%","0.00","0.00","0.00","Analyze"
"PEAK","Healthpeak Properties, Inc.","REITs","Large cap","Real Estate","$14,056,674,766","4.51%","0.00","0.00","0.00","Analyze"
"KIM","Kimco Realty Corporation","REITs","Large cap","Real Estate","$14,008,137,777","3.40%","0.00","0.00","0.00","Analyze"
"MTCH","Match Group Inc","Common stocks","Large cap","Communication Services","$13,954,133,056","0.00%","0.00","0.00","0.00","Analyze"
"LNT","Alliant Energy Corp","Common stocks","Large cap","Utilities","$13,939,242,220","3.04%","0.00","0.00","0.00","Analyze"
"JKHY","Jack Henry & Associates, Inc.","Common stocks","Large cap","Information Technology","$13,913,645,356","1.02%","0.00","0.00","0.00","Analyze"
"ZBRA","Zebra Technologies Corp","Common stocks","Large cap","Information Technology","$13,879,122,298","0.00%","0.00","0.00","0.00","Analyze"
"L","Loews Corp","Common stocks","Large cap","Financials","$13,780,266,098","0.43%","0.00","0.00","0.00","Analyze"
"NDSN","Nordson Corp","Common stocks","Large cap","Industrials","$13,731,139,147","0.91%","0.00","0.00","0.00","Analyze"
"DPZ","Dominos Pizza Inc","Common stocks","Large cap","Consumer Discretionary","$13,649,292,555","1.09%","0.00","0.00","0.00","Analyze"
"VTRS","Viatris Inc.","Common stocks","Large cap","Health Care","$13,630,574,882","4.20%","0.00","0.00","0.00","Analyze"
"BEN","Franklin Resources Inc","Common stocks","Large cap","Financials","$13,627,958,035","4.18%","0.00","0.00","0.00","Analyze"
"EVRG","Evergy Inc","Common stocks","Large cap","Utilities","$13,515,102,349","3.90%","0.00","0.00","0.00","Analyze"
"SIVB","SVB Financial Group","Common stocks","Large cap","Financials","$13,485,787,973","0.00%","0.00","0.00","0.00","Analyze"
"CBOE","Cboe Global Markets, Inc.","Common stocks","Large cap","Financials","$13,453,341,434","1.54%","0.00","0.00","0.00","Analyze"
"IPG","Interpublic Group Of Companies Inc","Common stocks","Large cap","Communication Services","$13,388,561,782","3.32%","0.00","0.00","0.00","Analyze"
"HST","Host Hotels & Resorts, Inc","REITs","Large cap","Real Estate","$13,363,868,853","1.12%","0.00","0.00","0.00","Analyze"
"UDR","UDR, Inc","REITs","Large cap","Real Estate","$13,308,147,966","3.63%","0.00","0.00","0.00","Analyze"
"IP","International Paper","Common stocks","Large cap","Materials","$13,298,501,637","4.86%","0.00","0.00","0.00","Analyze"
"POOL","Pool Corp","Common stocks","Large cap","Consumer Discretionary","$13,204,185,464","1.12%","0.00","0.00","0.00","Analyze"
"PARA","Paramount Global - Class B","Common stocks","Large cap","Communication Services","$13,202,936,369","4.72%","0.00","0.00","0.00","Analyze"
"VFC","VF Corp","Common stocks","Large cap","Consumer Discretionary","$13,009,192,526","5.88%","0.00","0.00","0.00","Analyze"
"RE","Everest Re Group Ltd","Common stocks","Large cap","Financials","$12,937,777,332","1.95%","0.00","0.00","0.00","Analyze"
"SNA","Snap On Inc","Common stocks","Large cap","Industrials","$12,870,864,287","2.41%","0.00","0.00","0.00","Analyze"
"CPT","Camden Property Trust","REITs","Large cap","Real Estate","$12,729,034,902","3.02%","0.00","0.00","0.00","Analyze"
"PKG","Packaging Corp Of America","Common stocks","Large cap","Materials","$12,599,494,797","3.26%","0.00","0.00","0.00","Analyze"
"LW","Lamb Weston Holdings Inc","Common stocks","Large cap","Consumer Staples","$12,442,837,458","1.13%","0.00","0.00","0.00","Analyze"
"BIO","Bio Rad Laboratories Inc Class A","Common stocks","Large cap","Health Care","$12,399,778,187","0.00%","0.00","0.00","0.00","Analyze"
"SWK","Stanley Black & Decker Inc","Common stocks","Large cap","Industrials","$12,178,567,824","3.81%","0.00","0.00","0.00","Analyze"
"GL","Globe Life Inc.","Common stocks","Large cap","Financials","$11,712,308,274","0.68%","0.00","0.00","0.00","Analyze"
"MAS","Masco Corp","Common stocks","Large cap","Industrials","$11,673,387,406","2.15%","0.00","0.00","0.00","Analyze"
"CE","Celanese Corporation","Common stocks","Large cap","Materials","$11,654,933,352","2.52%","0.00","0.00","0.00","Analyze"
"CHRW","C.H. Robinson Worldwide, Inc.","Common stocks","Large cap","Industrials","$11,626,164,154","2.81%","0.00","0.00","0.00","Analyze"
"CRL","Charles River Laboratories International","Common stocks","Large cap","Health Care","$11,508,751,987","0.00%","0.00","0.00","0.00","Analyze"
"TFX","Teleflex Inc","Common stocks","Large cap","Health Care","$11,482,695,288","0.55%","0.00","0.00","0.00","Analyze"
"WDC","Western Digital Corp","Common stocks","Large cap","Information Technology","$11,384,586,573","0.00%","0.00","0.00","0.00","Analyze"
"NI","Nisource Inc","Common stocks","Large cap","Utilities","$11,270,227,991","3.34%","0.00","0.00","0.00","Analyze"
"HSIC","Henry Schein Inc","Common stocks","Large cap","Health Care","$11,243,671,346","0.00%","0.00","0.00","0.00","Analyze"
"REG","Regency Centers Corporation","REITs","Large cap","Real Estate","$11,237,629,022","3.75%","0.00","0.00","0.00","Analyze"
"BXP","Boston Properties, Inc","REITs","Large cap","Real Estate","$11,231,475,115","5.38%","0.00","0.00","0.00","Analyze"
"STX","Seagate Technology Plc","Common stocks","Large cap","Information Technology","$11,126,908,000","5.17%","0.00","0.00","0.00","Analyze"
"CZR","Caesars Entertainment Corp","Common stocks","Large cap","Consumer Discretionary","$11,123,106,883","0.00%","0.00","0.00","0.00","Analyze"
"CCL","Carnival Corp","Common stocks","Large cap","Consumer Discretionary","$11,093,686,846","0.00%","0.00","0.00","0.00","Analyze"
"NWS","News Corp Class B","Common stocks","Large cap","Communication Services","$11,081,213,194","1.03%","0.00","0.00","0.00","Analyze"
"NWSA","News Corp Class A","Common stocks","Large cap","Communication Services","$11,081,213,194","1.04%","0.00","0.00","0.00","Analyze"
"KMX","Carmax Inc","Common stocks","Large cap","Consumer Discretionary","$10,918,870,428","0.00%","0.00","0.00","0.00","Analyze"
"CDAY","Ceridian HCM Holding Inc.","Common stocks","Large cap","Information Technology","$10,802,799,120","0.00%","0.00","0.00","0.00","Analyze"
"JNPR","Juniper Networks Inc","Common stocks","Large cap","Information Technology","$10,684,367,817","2.53%","0.00","0.00","0.00","Analyze"
"EMN","Eastman Chemical","Common stocks","Large cap","Materials","$10,369,567,257","3.47%","0.00","0.00","0.00","Analyze"
"PHM","Pultegroup Inc","Common stocks","Large cap","Consumer Discretionary","$10,286,060,539","1.32%","0.00","0.00","0.00","Analyze"
"MKTX","Marketaxess Holdings Inc","Common stocks","Large cap","Financials","$10,285,014,621","1.02%","0.00","0.00","0.00","Analyze"
"ALLE","Allegion PLC","Common stocks","Large cap","Industrials","$10,019,580,397","1.39%","0.00","0.00","0.00","Analyze"
"BWA","BorgWarner Inc","Common stocks","Mid cap","Consumer Discretionary","$9,989,006,654","1.59%","0.00","0.00","0.00","Analyze"
"BBWI","Bath & Body Works, Inc.","Common stocks","Mid cap","Consumer Discretionary","$9,881,756,653","1.83%","0.00","0.00","0.00","Analyze"
"QRVO","Qorvo, Inc.","Common stocks","Mid cap","Information Technology","$9,860,126,249","0.00%","0.00","0.00","0.00","Analyze"
"NRG","NRG Energy Inc","Common stocks","Mid cap","Utilities","$9,706,086,557","3.28%","0.00","0.00","0.00","Analyze"
"WRK","Westrock","Common stocks","Mid cap","Materials","$9,674,720,786","2.67%","0.00","0.00","0.00","Analyze"
"WYNN","Wynn Resorts Ltd","Common stocks","Mid cap","Consumer Discretionary","$9,522,874,188","0.00%","0.00","0.00","0.00","Analyze"
"UHS","Universal Health Services Inc.","Common stocks","Mid cap","Health Care","$9,500,726,810","0.61%","0.00","0.00","0.00","Analyze"
"CTLT","Catalent Inc","Common stocks","Mid cap","Health Care","$9,399,498,253","0.00%","0.00","0.00","0.00","Analyze"
"CMA","Comerica Inc","Common stocks","Mid cap","Financials","$9,377,502,725","3.75%","0.00","0.00","0.00","Analyze"
"FFIV","F5 Networks Inc","Common stocks","Mid cap","Information Technology","$9,358,945,608","0.00%","0.00","0.00","0.00","Analyze"
"TPR","Tapestry","Common stocks","Mid cap","Consumer Discretionary","$9,272,190,862","2.06%","0.00","0.00","0.00","Analyze"
"AOS","A O Smith Corp","Common stocks","Mid cap","Industrials","$9,239,863,873","1.87%","0.00","0.00","0.00","Analyze"
"HII","Huntington Ingalls Industries Inc","Common stocks","Mid cap","Industrials","$9,213,726,462","2.05%","0.00","0.00","0.00","Analyze"
"AAP","Advance Auto Parts Inc","Common stocks","Mid cap","Consumer Discretionary","$9,095,889,561","3.59%","0.00","0.00","0.00","Analyze"
"AAL","American Airlines Group Inc","Common stocks","Mid cap","Industrials","$9,085,614,400","0.00%","0.00","0.00","0.00","Analyze"
"FRT","Federal Realty Investment Trust","REITs","Mid cap","Real Estate","$8,853,457,401","2.93%","0.00","0.00","0.00","Analyze"
"IVZ","Invesco Ltd","Common stocks","Mid cap","Financials","$8,836,464,933","3.67%","0.00","0.00","0.00","Analyze"
"PNW","Pinnacle West Corp","Common stocks","Mid cap","Utilities","$8,802,307,793","4.31%","0.00","0.00","0.00","Analyze"
"HAS","Hasbro Inc","Common stocks","Mid cap","Consumer Discretionary","$8,737,074,054","4.33%","0.00","0.00","0.00","Analyze"
"RHI","Robert Half","Common stocks","Mid cap","Industrials","$8,514,965,105","2.17%","0.00","0.00","0.00","Analyze"
"FBHS","Fortune Brands Home And Security","Common stocks","Mid cap","Industrials","$8,407,580,201","1.70%","0.00","0.00","0.00","Analyze"
"SBNY","Signature Bank","Common stocks","Mid cap","Financials","$8,369,722,309","1.61%","0.00","0.00","0.00","Analyze"
"DISH","Dish Network Corp Class A","Common stocks","Mid cap","Communication Services","$8,273,709,611","0.00%","0.00","0.00","0.00","Analyze"
"WHR","Whirlpool Corp","Common stocks","Mid cap","Consumer Discretionary","$8,118,364,313","4.62%","0.00","0.00","0.00","Analyze"
"ZION","Zions Bancorporation","Common stocks","Mid cap","Financials","$7,778,627,030","3.01%","0.00","0.00","0.00","Analyze"
"RL","Ralph Lauren Corp Class A","Common stocks","Mid cap","Consumer Discretionary","$7,718,786,400","2.50%","0.00","0.00","0.00","Analyze"
"PNR","Pentair","Common stocks","Mid cap","Industrials","$7,672,203,231","1.79%","0.00","0.00","0.00","Analyze"
"SEE","Sealed Air Corp","Common stocks","Mid cap","Materials","$7,639,363,737","1.51%","0.00","0.00","0.00","Analyze"
"NCLH","Norwegian Cruise Line Holdings Ltd","Common stocks","Mid cap","Consumer Discretionary","$7,003,603,182","0.00%","0.00","0.00","0.00","Analyze"
"DXC","DXC Technology Company","Common stocks","Mid cap","Information Technology","$6,773,120,165","0.00%","0.00","0.00","0.00","Analyze"
"AIZ","Assurant Inc","Common stocks","Mid cap","Financials","$6,762,951,226","2.13%","0.00","0.00","0.00","Analyze"
"XRAY","Dentsply Sirona Inc","Common stocks","Mid cap","Health Care","$6,756,829,696","1.53%","0.00","0.00","0.00","Analyze"
"OGN","Organon & Co.","Common stocks","Mid cap","Health Care","$6,720,307,686","4.13%","0.00","0.00","0.00","Analyze"
"DVA","Davita Inc","Common stocks","Mid cap","Health Care","$6,598,023,000","0.00%","0.00","0.00","0.00","Analyze"
"LNC","Lincoln National Corp","Common stocks","Mid cap","Financials","$6,553,714,921","4.59%","0.00","0.00","0.00","Analyze"
"MHK","Mohawk Industries Inc","Common stocks","Mid cap","Consumer Discretionary","$6,537,651,893","0.00%","0.00","0.00","0.00","Analyze"
"GNRC","Generac Holdings Inc","Common stocks","Mid cap","Industrials","$6,531,411,482","0.00%","0.00","0.00","0.00","Analyze"
"ALK","Alaska Air Group Inc","Common stocks","Mid cap","Industrials","$6,013,381,568","0.00%","0.00","0.00","0.00","Analyze"
"LUMN","CenturyLink, Inc.","Common stocks","Mid cap","Communication Services","$5,783,318,092","13.12%","0.00","0.00","0.00","Analyze"
"NWL","Newell Brands Inc","Common stocks","Mid cap","Consumer Discretionary","$5,310,624,000","7.01%","0.00","0.00","0.00","Analyze"
"VNO","Vornado Realty Trust","REITs","Mid cap","Real Estate","$4,753,217,430","8.30%","0.00","0.00","0.00","Analyze"
"TECH","Bio-Techne Corp","Common stocks","Mid cap","Health Care","$3,390,934,401","0.37%","0.00","0.00","0.00","Analyze"
"TAP","Molson Coors Brewing Class B","Common stocks","Small cap","Consumer Staples","$797,021,241","2.74%","0.00","0.00","0.00","Analyze"