,Symbol,Description,Category2,Category3,GICS Sector,Market cap,Dividend yield,Price to TTM earnings,Price to TTM sales,Price to book value,Action,Security,SEC filings,GICS Sub-Industry,Headquarters Location,Date first added,CIK,Founded
0,AAPL,Apple Inc,Common stocks,Large cap,Information Technology,"$2,359,332,980,580 ",0.61%,0,0,0,Analyze,Apple Inc.,reports,"Technology Hardware, Storage & Peripherals","Cupertino, California",11/30/82,320193,1977
1,MSFT,Microsoft Corp,Common stocks,Large cap,Information Technology,"$1,898,579,765,045 ",0.99%,0,0,0,Analyze,Microsoft,reports,Systems Software,"Redmond, Washington",6/1/94,789019,1975
2,GOOG,Alphabet Inc Class C,Common stocks,Large cap,Communication Services,"$1,219,603,350,000 ",0.00%,0,0,0,Analyze,Alphabet Inc. (Class C),reports,Interactive Media & Services,"Mountain View, California",4/3/06,1652044,1998
3,GOOGL,Alphabet Inc Class A,Common stocks,Large cap,Communication Services,"$1,219,603,350,000 ",0.00%,0,0,0,Analyze,Alphabet Inc. (Class A),reports,Interactive Media & Services,"Mountain View, California",4/3/14,1652044,1998
4,AMZN,Amazon.Com Inc.,Common stocks,Large cap,Consumer Discretionary,"$974,257,973,808 ",0.00%,0,0,0,Analyze,Amazon,reports,Internet & Direct Marketing Retail,"Seattle, Washington",11/18/05,1018724,1994
6,TSLA,Tesla Inc,Common stocks,Large cap,Consumer Discretionary,"$610,086,617,762 ",0.00%,0,0,0,Analyze,"Tesla, Inc.",reports,Automobile Manufacturers,"Austin, Texas",12/21/20,1318605,2003
7,UNH,Unitedhealth Group Inc,Common stocks,Large cap,Health Care,"$501,661,360,784 ",1.15%,0,0,0,Analyze,UnitedHealth Group,reports,Managed Health Care,"Minnetonka, Minnesota",7/1/94,731766,1977
8,JNJ,Johnson & Johnson,Common stocks,Large cap,Health Care,"$467,312,799,915 ",2.47%,0,0,0,Analyze,Johnson & Johnson,reports,Pharmaceuticals,"New Brunswick, New Jersey",6/30/73,200406,1886
9,XOM,Exxon Mobil Corp,Common stocks,Large cap,Energy,"$456,306,911,047 ",3.16%,0,0,0,Analyze,ExxonMobil,reports,Integrated Oil & Gas,"Irving, Texas",3/4/57,34088,1999
10,NVDA,Nvidia Corp,Common stocks,Large cap,Information Technology,"$426,661,500,000 ",0.09%,0,0,0,Analyze,Nvidia,reports,Semiconductors,"Santa Clara, California",11/30/01,1045810,1993
11,WMT,Walmart Stores Inc,Common stocks,Large cap,Consumer Staples,"$416,282,672,398 ",1.45%,0,0,0,Analyze,Walmart,reports,Hypermarkets & Super Centers,"Bentonville, Arkansas",8/31/82,104169,1962
12,V,Visa Inc Class A,Common stocks,Large cap,Information Technology,"$410,219,962,341 ",0.72%,0,0,0,Analyze,Visa Inc.,reports,Data Processing & Outsourced Services,"San Francisco, California",12/21/09,1403161,1958
13,JPM,JP Morgan Chase & Co,Common stocks,Large cap,Financials,"$399,619,833,941 ",2.91%,0,0,0,Analyze,JPMorgan Chase,reports,Diversified Banks,"New York City, New York",6/30/75,19617,2000 (1799 / 1871)
14,PG,Procter & Gamble,Common stocks,Large cap,Consumer Staples,"$356,035,795,599 ",2.39%,0,0,0,Analyze,Procter & Gamble,reports,Personal Products,"Cincinnati, Ohio",3/4/57,80424,1837
15,CVX,Chevron Corp,Common stocks,Large cap,Energy,"$352,869,698,260 ",3.07%,0,0,0,Analyze,Chevron Corporation,reports,Integrated Oil & Gas,"San Ramon, California",3/4/57,93410,1879
16,LLY,Eli Lilly,Common stocks,Large cap,Health Care,"$351,879,381,707 ",1.05%,0,0,0,Analyze,Eli Lilly and Company,reports,Pharmaceuticals,"Indianapolis, Indiana",12/31/70,59478,1876
17,MA,Mastercard Inc Class A,Common stocks,Large cap,Information Technology,"$344,132,137,193 ",0.54%,0,0,0,Analyze,Mastercard,reports,Data Processing & Outsourced Services,"Harrison, New York",7/18/08,1141391,1966
18,HD,Home Depot Inc,Common stocks,Large cap,Consumer Discretionary,"$334,830,207,712 ",2.30%,0,0,0,Analyze,The Home Depot,reports,Home Improvement Retail,"Atlanta, Georgia",3/31/88,354950,1978
19,META,"Meta Platforms, Inc.",Common stocks,Large cap,Communication Services,"$323,983,600,000 ",0.00%,0,0,0,Analyze,Meta Platforms,reports,Interactive Media & Services,"Menlo Park, California",12/23/13,1326801,2004
20,BAC,Bank of America Corp,Common stocks,Large cap,Financials,"$293,219,898,335 ",2.33%,0,0,0,Analyze,Bank of America,reports,Diversified Banks,"Charlotte, North Carolina",6/30/76,70858,1998 (1923 / 1874)
21,PFE,Pfizer Inc,Common stocks,Large cap,Health Care,"$286,728,106,550 ",3.09%,0,0,0,Analyze,Pfizer,reports,Pharmaceuticals,"New York City, New York",3/4/57,78003,1849
22,ABBV,Abbvie Inc,Common stocks,Large cap,Health Care,"$285,839,504,508 ",3.44%,0,0,0,Analyze,AbbVie,reports,Pharmaceuticals,"North Chicago, Illinois",12/31/12,1551152,2013 (1888)
23,MRK,Merck & Co Inc,Common stocks,Large cap,Health Care,"$278,386,477,945 ",2.48%,0,0,0,Analyze,Merck & Co.,reports,Pharmaceuticals,"Kenilworth, New Jersey",3/4/57,310158,1891
24,KO,Coca-Cola,Common stocks,Large cap,Consumer Staples,"$275,860,701,111 ",2.73%,0,0,0,Analyze,The Coca-Cola Company,reports,Soft Drinks,"Atlanta, Georgia",3/4/57,21344,1886
25,PEP,Pepsico Inc,Common stocks,Large cap,Consumer Staples,"$256,116,141,953 ",2.41%,0,0,0,Analyze,PepsiCo,reports,Soft Drinks,"Purchase, New York",3/4/57,77476,1898
26,ORCL,Oracle Corp,Common stocks,Large cap,Information Technology,"$226,774,548,755 ",1.51%,0,0,0,Analyze,Oracle Corporation,reports,Application Software,"Austin, Texas",8/31/89,1341439,1977
27,AVGO,Broadcom Inc.,Common stocks,Large cap,Information Technology,"$223,054,551,892 ",2.95%,0,0,0,Analyze,Broadcom Inc.,reports,Semiconductors,"San Jose, California",5/8/14,1730168,1961
28,COST,Costco Wholesale Corp,Common stocks,Large cap,Consumer Staples,"$223,010,524,500 ",0.69%,0,0,0,Analyze,Costco,reports,Hypermarkets & Super Centers,"Issaquah, Washington",10/1/93,909832,1976
29,TMO,Thermo Fisher Scientific Inc,Common stocks,Large cap,Health Care,"$221,417,923,660 ",0.21%,0,0,0,Analyze,Thermo Fisher Scientific,reports,Life Sciences Tools & Services,"Waltham, Massachusetts",8/3/04,97745,2006 (1902)
30,CSCO,Cisco Systems Inc,Common stocks,Large cap,Information Technology,"$205,318,943,025 ",3.00%,0,0,0,Analyze,Cisco,reports,Communications Equipment,"San Jose, California",12/1/93,858877,1984
31,ACN,Accenture Plc Class A,Common stocks,Large cap,Information Technology,"$201,316,285,554 ",1.32%,0,0,0,Analyze,Accenture,reports,IT Consulting & Other Services,"Dublin, Ireland",7/6/11,1467373,1989
32,MCD,Mcdonalds Corp,Common stocks,Large cap,Consumer Discretionary,"$200,244,692,073 ",2.05%,0,0,0,Analyze,McDonald's,reports,Restaurants,"Chicago, Illinois",6/30/70,63908,1940
33,DHR,Danaher Corp,Common stocks,Large cap,Health Care,"$199,854,880,207 ",0.35%,0,0,0,Analyze,Danaher Corporation,reports,Health Care Equipment,"Washington, D.C.",,313616,1969
34,TMUS,T Mobile US Inc,Common stocks,Large cap,Communication Services,"$188,875,039,083 ",0.00%,0,0,0,Analyze,T-Mobile US,reports,Wireless Telecommunication Services,"Bellevue, Washington",7/15/19,1283699,1994
35,ABT,Abbott Laboratories,Common stocks,Large cap,Health Care,"$188,183,917,752 ",1.73%,0,0,0,Analyze,Abbott,reports,Health Care Equipment,"North Chicago, Illinois",3/31/64,1800,1888
36,DIS,Walt Disney,Common stocks,Large cap,Communication Services,"$179,787,934,097 ",0.00%,0,0,0,Analyze,Disney,reports,Movies & Entertainment,"Burbank, California",6/30/76,1744489,1923
37,WFC,Wells Fargo,Common stocks,Large cap,Financials,"$178,597,708,389 ",2.33%,0,0,0,Analyze,Wells Fargo,reports,Diversified Banks,"San Francisco, California",6/30/76,72971,1852
38,NKE,Nike Inc Class B,Common stocks,Large cap,Consumer Discretionary,"$173,331,600,000 ",1.09%,0,0,0,Analyze,"Nike, Inc.",reports,"Apparel, Accessories & Luxury Goods","Washington County, Oregon",11/30/88,320187,1964
39,BMY,Bristol Myers Squibb,Common stocks,Large cap,Health Care,"$171,963,848,865 ",2.64%,0,0,0,Analyze,Bristol Myers Squibb,reports,Health Care Distributors,"New York City, New York",3/4/57,14272,1989
40,NEE,Nextera Energy Inc,Common stocks,Large cap,Utilities,"$168,571,092,599 ",1.99%,0,0,0,Analyze,NextEra Energy,reports,Multi-Utilities,"Juno Beach, Florida",6/30/76,753308,1984 (1925)
41,LIN,Linde Plc,Common stocks,Large cap,Materials,"$166,734,440,962 ",1.38%,0,0,0,Analyze,Linde plc,reports,Industrial Gases,"Guildford, United Kingdom",7/1/92,1707925,1879
42,UPS,United Parcel Service Inc Class B,Common stocks,Large cap,Industrials,"$164,498,784,470 ",3.13%,0,0,0,Analyze,United Parcel Service,reports,Air Freight & Logistics,"Sandy Springs, Georgia",7/22/02,1090727,1907
43,TXN,Texas Instrument Inc,Common stocks,Large cap,Information Technology,"$161,093,978,880 ",2.61%,0,0,0,Analyze,Texas Instruments,reports,Semiconductors,"Dallas, Texas",,97476,1930
44,VZ,Verizon Communications Inc,Common stocks,Large cap,Communication Services,"$160,979,002,744 ",6.57%,0,0,0,Analyze,Verizon,reports,Integrated Telecommunication Services,"New York City, New York",11/30/83,732712,1983 (1877)
45,ADBE,Adobe Inc,Common stocks,Large cap,Information Technology,"$159,976,739,000 ",0.00%,0,0,0,Analyze,Adobe Inc.,reports,Application Software,"San Jose, California",5/5/97,796343,1982
46,PM,Philip Morris International Inc,Common stocks,Large cap,Consumer Staples,"$158,833,728,170 ",4.80%,0,0,0,Analyze,Philip Morris International,reports,Tobacco,"New York City, New York",3/31/08,1413329,2008 (1847)
47,MS,Morgan Stanley,Common stocks,Large cap,Financials,"$157,180,175,967 ",3.13%,0,0,0,Analyze,Morgan Stanley,reports,Investment Banking & Brokerage,"New York City, New York",,895421,1935
48,CMCSA,Comcast A Corp,Common stocks,Large cap,Communication Services,"$156,510,625,493 ",2.90%,0,0,0,Analyze,Comcast,reports,Cable & Satellite,"Philadelphia, Pennsylvania",11/19/02,1166691,1963
49,COP,ConocoPhillips,Common stocks,Large cap,Energy,"$153,341,505,382 ",3.59%,0,0,0,Analyze,ConocoPhillips,reports,Oil & Gas Exploration & Production,"Houston, Texas",3/4/57,1163165,2002
50,AMGN,Amgen Inc,Common stocks,Large cap,Health Care,"$152,571,638,164 ",2.68%,0,0,0,Analyze,Amgen,reports,Biotechnology,"Thousand Oaks, California",1/2/92,318154,1980
51,SCHW,Charles Schwab Corporation,Common stocks,Large cap,Financials,"$148,409,067,181 ",1.02%,0,0,0,Analyze,Charles Schwab Corporation,reports,Investment Banking & Brokerage,"Westlake, Texas",6/2/97,316709,1971
52,CRM,Salesforce.Com Inc,Common stocks,Large cap,Information Technology,"$147,000,000,000 ",0.00%,0,0,0,Analyze,Salesforce,reports,Application Software,"San Francisco, California",9/15/08,1108524,1999
53,RTX,Raytheon Technologies Corporation,Common stocks,Large cap,Industrials,"$146,271,047,113 ",2.15%,0,0,0,Analyze,Raytheon Technologies,reports,Aerospace & Defense,"Waltham, Massachusetts",,101829,1922
54,HON,Honeywell International Inc,Common stocks,Large cap,Industrials,"$146,156,130,014 ",1.80%,0,0,0,Analyze,Honeywell,reports,Industrial Conglomerates,"Charlotte, North Carolina",3/31/64,773840,1906
55,QCOM,Qualcomm Inc,Common stocks,Large cap,Information Technology,"$142,154,010,000 ",2.29%,0,0,0,Analyze,Qualcomm,reports,Semiconductors,"San Diego, California",,804328,1985
56,NFLX,Netflix Inc,Common stocks,Large cap,Communication Services,"$140,026,927,786 ",0.00%,0,0,0,Analyze,Netflix,reports,Movies & Entertainment,"Los Gatos, California",12/20/10,1065280,1997
57,T,AT&T Inc.,Common stocks,Large cap,Communication Services,"$136,824,700,000 ",6.23%,0,0,0,Analyze,AT&T,reports,Integrated Telecommunication Services,"Dallas, Texas",1983-11-30 (1957-03-04),732717,1983 (1885)
58,IBM,International Business Machines Co,Common stocks,Large cap,Information Technology,"$134,859,488,305 ",4.34%,0,0,0,Analyze,IBM,reports,IT Consulting & Other Services,"Armonk, New York",3/4/57,51143,1911
59,LOW,Lowes Companies Inc,Common stocks,Large cap,Consumer Discretionary,"$133,748,558,177 ",1.70%,0,0,0,Analyze,Lowe's,reports,Home Improvement Retail,"Mooresville, North Carolina",2/29/84,60667,1904/1946/1959
60,CVS,CVS Health Corp,Common stocks,Large cap,Health Care,"$133,564,736,605 ",2.15%,0,0,0,Analyze,CVS Health,reports,Health Care Services,"Woonsocket, Rhode Island",3/4/57,64803,1996
61,DE,Deere & Company,Common stocks,Large cap,Industrials,"$133,346,930,730 ",0.98%,0,0,0,Analyze,John Deere,reports,Agricultural & Farm Machinery,"Moline, Illinois",3/4/57,315189,1837
62,UNP,Union Pacific Corp,Common stocks,Large cap,Industrials,"$132,753,936,744 ",2.28%,0,0,0,Analyze,Union Pacific Corporation,reports,Railroads,"Omaha, Nebraska",3/4/57,100885,1862
63,GS,Goldman Sachs Group Inc,Common stocks,Large cap,Financials,"$129,971,341,220 ",2.33%,0,0,0,Analyze,Goldman Sachs,reports,Investment Banking & Brokerage,"New York City, New York",7/22/02,886982,1869
64,LMT,Lockheed Martin Corp,Common stocks,Large cap,Industrials,"$126,762,555,163 ",2.34%,0,0,0,Analyze,Lockheed Martin,reports,Aerospace & Defense,"Bethesda, Maryland",7/31/84,936468,1995
65,ELV,"Elevance Health, Inc.",Common stocks,Large cap,Health Care,"$126,060,364,524 ",0.73%,0,0,0,Analyze,Elevance Health,reports,Managed Health Care,"Indianapolis, Indiana",7/25/02,1156039,2014 (1946)
66,AMD,Advanced Micro Devices Inc,Common stocks,Large cap,Information Technology,"$124,925,355,432 ",0.00%,0,0,0,Analyze,AMD,reports,Semiconductors,"Santa Clara, California",,2488,1969
67,INTC,Intel Corporation Corp,Common stocks,Large cap,Information Technology,"$123,108,410,000 ",4.81%,0,0,0,Analyze,Intel,reports,Semiconductors,"Santa Clara, California",12/31/76,50863,1968
68,CAT,Caterpillar Inc,Common stocks,Large cap,Industrials,"$122,655,280,880 ",1.94%,0,0,0,Analyze,Caterpillar Inc.,reports,Construction Machinery & Heavy Trucks,"Irving, Texas",3/4/57,18230,1925
69,SPGI,S&P Global Inc,Common stocks,Large cap,Financials,"$120,739,140,000 ",0.91%,0,0,0,Analyze,S&P Global,reports,Financial Exchanges & Data,"New York City, New York",,64040,1917
70,SBUX,Starbucks Corp,Common stocks,Large cap,Consumer Discretionary,"$118,648,086,000 ",1.91%,0,0,0,Analyze,Starbucks,reports,Restaurants,"Seattle, Washington",6/7/00,829224,1971
71,AXP,American Express,Common stocks,Large cap,Financials,"$117,689,149,620 ",1.26%,0,0,0,Analyze,American Express,reports,Consumer Finance,"New York City, New York",6/30/76,4962,1850
72,INTU,Intuit Inc,Common stocks,Large cap,Information Technology,"$116,884,610,375 ",0.68%,0,0,0,Analyze,Intuit,reports,Application Software,"Mountain View, California",12/5/00,896878,1983
73,ADP,Automatic Data Processing Inc,Common stocks,Large cap,Information Technology,"$111,153,100,704 ",1.54%,0,0,0,Analyze,ADP,reports,Data Processing & Outsourced Services,"Roseland, New Jersey",3/31/81,8670,1949
74,GILD,Gilead Sciences Inc,Common stocks,Large cap,Health Care,"$110,248,033,976 ",3.24%,0,0,0,Analyze,Gilead Sciences,reports,Biotechnology,"Foster City, California",7/1/04,882095,1987
75,BLK,Blackrock Inc,Common stocks,Large cap,Financials,"$108,468,241,798 ",2.59%,0,0,0,Analyze,BlackRock,reports,Asset Management & Custody Banks,"New York City, New York",4/4/11,1364742,1988
76,PLD,"Prologis, Inc",REITs,Large cap,Real Estate,"$108,092,501,367 ",2.54%,0,0,0,Analyze,Prologis,reports,Industrial REITs,"San Francisco, California",7/17/03,1045609,1983
77,MDT,Medtronic Plc,Common stocks,Large cap,Health Care,"$105,335,398,153 ",3.27%,0,0,0,Analyze,Medtronic,reports,Health Care Equipment,"Dublin, Ireland",10/31/86,1613103,1949
78,BA,Boeing,Common stocks,Large cap,Industrials,"$104,380,127,287 ",0.00%,0,0,0,Analyze,Boeing,reports,Aerospace & Defense,"Chicago, Illinois",3/4/57,12927,1916
79,AMT,American Tower Corporation,REITs,Large cap,Real Estate,"$103,038,519,944 ",2.55%,0,0,0,Analyze,American Tower,reports,Specialized REITs,"Boston, Massachusetts",11/19/07,1053507,1995
80,CI,Cigna Corp,Common stocks,Large cap,Health Care,"$98,891,280,844 ",1.34%,0,0,0,Analyze,Cigna,reports,Managed Health Care,"Bloomfield, Connecticut",6/30/76,1739940,1982
81,ISRG,Intuitive Surgical Inc,Common stocks,Large cap,Health Care,"$97,000,530,619 ",0.00%,0,0,0,Analyze,Intuitive Surgical,reports,Health Care Equipment,"Sunnyvale, California",6/2/08,1035267,1995
82,GE,General Electric,Common stocks,Large cap,Industrials,"$93,160,885,616 ",0.37%,0,0,0,Analyze,General Electric,reports,Industrial Conglomerates,"Boston, Massachusetts",,40545,1892
83,MDLZ,Mondelez International Inc,Common stocks,Large cap,Consumer Staples,"$92,984,964,210 ",2.09%,0,0,0,Analyze,Mondelez International,reports,Packaged Foods & Meats,"Chicago, Illinois",10/2/12,1103982,2012
84,C,Citigroup Inc,Common stocks,Large cap,Financials,"$92,542,829,842 ",4.20%,0,0,0,Analyze,Citigroup,reports,Diversified Banks,"New York City, New York",5/31/88,831001,1998
85,TJX,"TJX Companies, Inc.",Common stocks,Large cap,Consumer Discretionary,"$92,139,900,841 ",1.43%,0,0,0,Analyze,TJX Companies,reports,Apparel Retail,"Framingham, Massachusetts",9/30/85,109198,1987
86,AMAT,Applied Material Inc,Common stocks,Large cap,Information Technology,"$92,061,706,433 ",0.95%,0,0,0,Analyze,Applied Materials,reports,Semiconductor Equipment,"Santa Clara, California",3/16/95,6951,1967
87,SYK,Stryker Corp,Common stocks,Large cap,Health Care,"$91,114,574,005 ",1.15%,0,0,0,Analyze,Stryker Corporation,reports,Health Care Equipment,"Kalamazoo, Michigan",12/12/00,310764,1941
88,CB,Chubb Ltd,Common stocks,Large cap,Financials,"$90,613,775,820 ",1.48%,0,0,0,Analyze,Chubb Limited,reports,Property & Casualty Insurance,"Zurich, Switzerland",7/15/10,896159,1985
89,PYPL,Paypal Holdings Inc,Common stocks,Large cap,Information Technology,"$89,526,377,794 ",0.00%,0,0,0,Analyze,PayPal,reports,Data Processing & Outsourced Services,"San Jose, California",7/20/15,1633917,1998
90,ADI,Analog Devices Inc,Common stocks,Large cap,Information Technology,"$87,334,067,963 ",1.32%,0,0,0,Analyze,Analog Devices,reports,Semiconductors,"Wilmington, Massachusetts",10/12/99,6281,1965
91,NOW,Servicenow Inc,Common stocks,Large cap,Information Technology,"$85,971,200,000 ",0.00%,0,0,0,Analyze,ServiceNow,reports,Systems Software,"Santa Clara, California",11/21/19,1373715,2003
92,MMC,Marsh & McLennan Inc,Common stocks,Large cap,Financials,"$85,824,524,823 ",1.29%,0,0,0,Analyze,Marsh McLennan,reports,Insurance Brokers,"New York City, New York",8/31/87,62709,1905
93,MO,Altria Group Inc,Common stocks,Large cap,Consumer Staples,"$84,250,034,772 ",7.51%,0,0,0,Analyze,Altria,reports,Tobacco,"Richmond, Virginia",3/4/57,764180,1985
94,EL,Estee Lauder Inc Class A,Common stocks,Large cap,Consumer Staples,"$82,786,524,000 ",1.06%,0,0,0,Analyze,The Estée Lauder Companies,reports,Personal Products,"New York City, New York",1/5/06,1001250,1946
95,EOG,EOG Resources Inc,Common stocks,Large cap,Energy,"$82,551,719,768 ",2.08%,0,0,0,Analyze,EOG Resources,reports,Oil & Gas Exploration & Production,"Houston, Texas",11/2/00,821189,1999
96,VRTX,Vertex Pharmaceuticals Inc,Common stocks,Large cap,Health Care,"$82,336,350,144 ",0.00%,0,0,0,Analyze,Vertex Pharmaceuticals,reports,Biotechnology,"Cambridge, Massachusetts",9/23/13,875320,1989
97,NOC,Northrop Grumman Corp,Common stocks,Large cap,Industrials,"$81,619,616,327 ",1.27%,0,0,0,Analyze,Northrop Grumman,reports,Aerospace & Defense,"West Falls Church, Virginia",6/30/85,1133421,"1994 (Northrop 1939, Grumman 1930)"
98,REGN,Regeneron Pharmaceuticals Inc,Common stocks,Large cap,Health Care,"$81,516,463,538 ",0.00%,0,0,0,Analyze,Regeneron,reports,Biotechnology,"Tarrytown, New York",5/1/13,872589,1988
99,BKNG,Booking Holdings Inc,Common stocks,Large cap,Consumer Discretionary,"$79,917,388,203 ",0.00%,0,0,0,Analyze,Booking Holdings,reports,Internet & Direct Marketing Retail,"Norwalk, Connecticut",11/6/09,1075531,1996
100,DUK,Duke Energy Corp,Common stocks,Large cap,Utilities,"$77,244,996,659 ",3.91%,0,0,0,Analyze,Duke Energy,reports,Electric Utilities,"Charlotte, North Carolina",6/30/76,1326160,1904
101,PGR,Progressive Corp,Common stocks,Large cap,Financials,"$76,796,250,397 ",1.44%,0,0,0,Analyze,Progressive Corporation,reports,Property & Casualty Insurance,"Mayfield Village, Ohio",8/4/97,80661,1937
102,TGT,Target Corp,Common stocks,Large cap,Consumer Discretionary,"$75,957,141,829 ",2.37%,0,0,0,Analyze,Target Corporation,reports,General Merchandise Stores,"Minneapolis, Minnesota",12/31/76,27419,1902
103,SO,Southern Co,Common stocks,Large cap,Utilities,"$73,724,923,912 ",3.93%,0,0,0,Analyze,Southern Company,reports,Electric Utilities,"Atlanta, Georgia",3/4/57,92122,1945
104,SLB,Schlumberger Nv,Common stocks,Large cap,Energy,"$73,395,357,794 ",0.92%,0,0,0,Analyze,Schlumberger,reports,Oil & Gas Equipment & Services,"Curaçao, Kingdom of the Netherlands",3/31/65,87347,1926
105,ZTS,Zoetis Inc,Common stocks,Large cap,Health Care,"$73,005,517,297 ",0.83%,0,0,0,Analyze,Zoetis,reports,Pharmaceuticals,"Parsippany, New Jersey",6/21/13,1555280,1952
106,BDX,Becton Dickinson,Common stocks,Large cap,Health Care,"$71,079,150,158 ",1.36%,0,0,0,Analyze,Becton Dickinson,reports,Health Care Equipment,"Franklin Lakes, New Jersey",9/30/72,10795,1897
107,ITW,Illinois Tool Inc,Common stocks,Large cap,Industrials,"$69,863,398,176 ",2.16%,0,0,0,Analyze,Illinois Tool Works,reports,Industrial Machinery,"Glenview, Illinois",2/28/86,49826,1912
108,MRNA,"Moderna, Inc.",Common stocks,Large cap,Health Care,"$69,721,071,514 ",0.00%,0,0,0,Analyze,Moderna,reports,Biotechnology,"Cambridge, Massachusetts",7/21/21,1682852,2010
109,MMM,3M,Common stocks,Large cap,Industrials,"$69,640,079,861 ",4.65%,0,0,0,Analyze,3M,reports,Industrial Conglomerates,"Saint Paul, Minnesota",8/9/76,66740,1902
110,HUM,Humana Inc,Common stocks,Large cap,Health Care,"$69,423,816,382 ",0.56%,0,0,0,Analyze,Humana,reports,Managed Health Care,"Louisville, Kentucky",,49071,1961
111,GD,General Dynamics Corp,Common stocks,Large cap,Industrials,"$69,260,466,391 ",1.95%,0,0,0,Analyze,General Dynamics,reports,Aerospace & Defense,"Falls Church, Virginia",3/4/57,40533,1899
112,APD,Air Products And Chemicals Inc,Common stocks,Large cap,Materials,"$69,231,057,591 ",2.02%,0,0,0,Analyze,Air Products and Chemicals,reports,Industrial Gases,"Allentown, Pennsylvania",4/30/85,2969,1940
113,WM,Waste Management Inc,Common stocks,Large cap,Industrials,"$68,886,266,251 ",1.54%,0,0,0,Analyze,Waste Management,reports,Environmental & Facilities Services,"Houston, Texas",,823768,1968
114,CSX,CSX Corp,Common stocks,Large cap,Industrials,"$68,706,717,264 ",1.22%,0,0,0,Analyze,CSX,reports,Railroads,"Jacksonville, Florida",9/30/67,277948,1980
115,HCA,"HCA Healthcare, Inc.",Common stocks,Large cap,Health Care,"$67,419,451,449 ",0.90%,0,0,0,Analyze,HCA Healthcare,reports,Health Care Facilities,"Nashville, Tennessee",1/27/15,860730,1968
116,USB,US Bancorp,Common stocks,Large cap,Financials,"$67,382,095,090 ",4.04%,0,0,0,Analyze,U.S. Bank,reports,Diversified Banks,"Minneapolis, Minnesota",,36104,1968
118,PNC,"PNC Financial Services Group, Inc.",Common stocks,Large cap,Financials,"$66,466,976,638 ",3.44%,0,0,0,Analyze,PNC Financial Services,reports,Regional Banks,"Pittsburgh, Pennsylvania",4/30/88,713676,1845
119,BSX,Boston Scientific Corp,Common stocks,Large cap,Health Care,"$66,058,196,326 ",0.00%,0,0,0,Analyze,Boston Scientific,reports,Health Care Equipment,"Marlborough, Massachusetts",2/24/95,885725,1979
120,SHW,Sherwin Williams,Common stocks,Large cap,Materials,"$65,203,074,900 ",0.95%,0,0,0,Analyze,Sherwin-Williams,reports,Specialty Chemicals,"Cleveland, Ohio",6/30/64,89800,1866
121,ETN,"Eaton Corporation, PLC",Common stocks,Large cap,Industrials,"$64,968,272,000 ",1.97%,0,0,0,Analyze,Eaton Corporation,reports,Electrical Components & Equipment,"Dublin, Ireland",,1551182,1911
122,CL,Colgate-Palmolive,Common stocks,Large cap,Consumer Staples,"$64,937,904,828 ",2.37%,0,0,0,Analyze,Colgate-Palmolive,reports,Household Products,"New York City, New York",3/4/57,21665,1806
123,EQIX,"Equinix, Inc.",REITs,Large cap,Real Estate,"$64,605,484,987 ",1.76%,0,0,0,Analyze,Equinix,reports,Specialized REITs,"Redwood City, California",3/20/15,1101239,1998
124,CME,CME Group Inc Class A,Common stocks,Large cap,Financials,"$63,995,073,764 ",2.18%,0,0,0,Analyze,CME Group,reports,Financial Exchanges & Data,"Chicago, Illinois",8/11/06,1156375,1848
125,LRCX,Lam Research Corp,Common stocks,Large cap,Information Technology,"$63,162,725,675 ",1.34%,0,0,0,Analyze,Lam Research,reports,Semiconductor Equipment,"Fremont, California",6/29/12,707549,1980
126,AON,Aon Plc,Common stocks,Large cap,Financials,"$62,690,919,314 ",0.72%,0,0,0,Analyze,Aon,reports,Insurance Brokers,"London, UK",4/23/96,315293,1982 (1919)
127,OXY,Occidental Petroleum Corp,Common stocks,Large cap,Energy,"$62,533,293,451 ",0.58%,0,0,0,Analyze,Occidental Petroleum,reports,Oil & Gas Exploration & Production,"Houston, Texas",12/31/82,797468,1920
128,CCI,Crown Castle International Corp.,REITs,Large cap,Real Estate,"$61,367,232,222 ",4.10%,0,0,0,Analyze,Crown Castle,reports,Specialized REITs,"Houston, Texas",3/14/12,1051470,1994
129,TFC,Truist Financial Corporation,Common stocks,Large cap,Financials,"$61,323,137,831 ",4.26%,0,0,0,Analyze,Truist,reports,Regional Banks,"Charlotte, North Carolina",12/4/97,92230,1872
130,ICE,Intercontinental Exchange Inc,Common stocks,Large cap,Financials,"$61,178,159,486 ",1.33%,0,0,0,Analyze,Intercontinental Exchange,reports,Financial Exchanges & Data,"Atlanta, Georgia",9/26/07,1571949,2000
131,CHTR,Charter Communications Inc Class A,Common stocks,Large cap,Communication Services,"$60,581,424,874 ",0.00%,0,0,0,Analyze,Charter Communications,reports,Cable & Satellite,"Stamford, Connecticut",9/8/16,1091667,1993
132,MU,Micron Technology Inc,Common stocks,Large cap,Information Technology,"$60,326,984,726 ",0.77%,0,0,0,Analyze,Micron Technology,reports,Semiconductors,"Boise, Idaho",9/27/94,723125,1978
133,MET,Metlife Inc,Common stocks,Large cap,Financials,"$60,140,065,613 ",2.56%,0,0,0,Analyze,MetLife,reports,Life & Health Insurance,"New York City, New York",,1099219,1868
134,NSC,Norfolk Southern Corp,Common stocks,Large cap,Industrials,"$59,350,983,645 ",1.92%,0,0,0,Analyze,Norfolk Southern Railway,reports,Railroads,"Norfolk, Virginia",3/4/57,702165,1881/1894 (1980)
135,ATVI,Activision Blizzard Inc,Common stocks,Large cap,Communication Services,"$58,845,597,736 ",0.63%,0,0,0,Analyze,Activision Blizzard,reports,Interactive Home Entertainment,"Santa Monica, California",8/31/15,718877,2008
136,PXD,Pioneer Natural Resource,Common stocks,Large cap,Energy,"$57,845,134,544 ",10.66%,0,0,0,Analyze,Pioneer Natural Resources,reports,Oil & Gas Exploration & Production,"Irving, Texas",9/24/08,1038357,1997
137,GM,General Motors,Common stocks,Large cap,Consumer Discretionary,"$57,438,771,098 ",0.44%,0,0,0,Analyze,General Motors,reports,Automobile Manufacturers,"Detroit, Michigan",6/6/13,1467858,1908
138,EMR,Emerson Electric,Common stocks,Large cap,Industrials,"$56,561,496,000 ",2.13%,0,0,0,Analyze,Emerson Electric,reports,Electrical Components & Equipment,"Ferguson, Missouri",3/31/65,32604,1890
139,FCX,"Freeport-McMoRan, Inc.",Common stocks,Large cap,Materials,"$56,558,476,948 ",0.94%,0,0,0,Analyze,Freeport-McMoRan,reports,Copper,"Phoenix, Arizona",,831259,1912
140,MPC,Marathon Petroleum Corp,Common stocks,Large cap,Energy,"$56,347,091,952 ",2.05%,0,0,0,Analyze,Marathon Petroleum,reports,Oil & Gas Refining & Marketing,"Findlay, Ohio",7/1/11,1510295,2009 (1887)
141,MCO,Moodys Corp,Common stocks,Large cap,Financials,"$56,073,856,000 ",0.91%,0,0,0,Analyze,Moody's Corporation,reports,Financial Exchanges & Data,"New York City, New York",,1059556,1909
142,F,Ford Motor Company,Common stocks,Large cap,Consumer Discretionary,"$55,610,959,684 ",3.51%,0,0,0,Analyze,Ford Motor Company,reports,Automobile Manufacturers,"Dearborn, Michigan",3/4/57,37996,1903
143,KLAC,KLA-Tencor Corporation,Common stocks,Large cap,Information Technology,"$55,373,601,909 ",1.20%,0,0,0,Analyze,KLA Corporation,reports,Semiconductor Equipment,"Milpitas, California",,319201,1975/1977 (1997)
144,KDP,Keurig Dr Pepper Inc.,Common stocks,Large cap,Consumer Staples,"$54,823,088,094 ",1.95%,0,0,0,Analyze,Keurig Dr Pepper,reports,Soft Drinks,"Burlington, Massachusetts",6/21/22,1418135,1981
145,SNPS,Synopsys Inc,Common stocks,Large cap,Information Technology,"$54,717,795,337 ",0.00%,0,0,0,Analyze,Synopsys,reports,Application Software,"Mountain View, California",3/16/17,883241,1986
146,MNST,Monster Beverage Corp,Common stocks,Large cap,Consumer Staples,"$53,870,027,939 ",0.00%,0,0,0,Analyze,Monster Beverage,reports,Soft Drinks,"Corona, California",6/28/12,865752,2012 (1935)
147,MCK,Mckesson Corp,Common stocks,Large cap,Health Care,"$53,841,820,226 ",0.53%,0,0,0,Analyze,McKesson,reports,Health Care Distributors,"Irving, Texas",,927653,1833
148,ORLY,Oreilly Automotive Inc,Common stocks,Large cap,Consumer Discretionary,"$53,638,819,391 ",0.00%,0,0,0,Analyze,O'Reilly Auto Parts,reports,Specialty Stores,"Springfield, Missouri",3/27/09,898173,1957
149,DG,Dollar General Corp,Common stocks,Large cap,Consumer Discretionary,"$53,311,622,432 ",0.87%,0,0,0,Analyze,Dollar General,reports,General Merchandise Stores,"Goodlettsville, Tennessee",12/3/12,29534,1939
150,SRE,Sempra Energy,Common stocks,Large cap,Utilities,"$52,562,824,961 ",2.68%,0,0,0,Analyze,Sempra Energy,reports,Multi-Utilities,"San Diego, California",,1032208,1998
151,MAR,Marriott International Inc,Common stocks,Large cap,Consumer Discretionary,"$52,289,178,671 ",0.60%,0,0,0,Analyze,Marriott International,reports,"Hotels, Resorts & Cruise Lines","Bethesda, Maryland",,1048286,1927
152,PSA,Public Storage,REITs,Large cap,Real Estate,"$51,897,630,886 ",2.60%,0,0,0,Analyze,Public Storage,reports,Specialized REITs,"Glendale, California",8/19/05,1393311,1972
153,PSX,Phillips 66,Common stocks,Large cap,Energy,"$51,063,184,293 ",3.49%,0,0,0,Analyze,Phillips 66,reports,Oil & Gas Refining & Marketing,"Houston, Texas",5/1/12,1534701,2012 (1917)
154,VLO,Valero Energy Corp,Common stocks,Large cap,Energy,"$50,900,638,394 ",2.93%,0,0,0,Analyze,Valero Energy,reports,Oil & Gas Refining & Marketing,"San Antonio, Texas",,1035002,1980
155,GIS,General Mills Inc,Common stocks,Large cap,Consumer Staples,"$50,699,815,223 ",2.43%,0,0,0,Analyze,General Mills,reports,Packaged Foods & Meats,"Golden Valley, Minnesota",3/31/69,40704,1856
156,D,Dominion Energy Inc,Common stocks,Large cap,Utilities,"$50,304,824,126 ",4.36%,0,0,0,Analyze,Dominion Energy,reports,Electric Utilities,"Richmond, Virginia",,715957,1983
157,ADM,Archer-Daniels-Midland Company,Common stocks,Large cap,Consumer Staples,"$50,165,201,610 ",1.74%,0,0,0,Analyze,ADM,reports,Agricultural Products,"Chicago, Illinois",7/29/81,7084,1902
158,AEP,American Electric Power Inc,Common stocks,Large cap,Utilities,"$49,577,567,653 ",3.24%,0,0,0,Analyze,American Electric Power,reports,Electric Utilities,"Columbus, Ohio",3/4/57,4904,1906
159,CNC,Centene Corp,Common stocks,Large cap,Health Care,"$48,590,744,256 ",0.00%,0,0,0,Analyze,Centene Corporation,reports,Managed Health Care,"St. Louis, Missouri",3/30/16,1071739,1984
160,CDNS,Cadence Design Systems Inc,Common stocks,Large cap,Information technology,"$48,493,582,480 ",0.00%,0,0,0,Analyze,Cadence Design Systems,reports,Application Software,"San Jose, California",9/18/17,813672,1988
161,AZO,Autozone Inc,Common stocks,Large cap,Consumer Discretionary,"$48,459,011,135 ",0.00%,0,0,0,Analyze,AutoZone,reports,Specialty Stores,"Memphis, Tennessee",1/2/97,866787,1979
162,KHC,Kraft Heinz,Common stocks,Large cap,Consumer Staples,"$48,372,492,176 ",3.99%,0,0,0,Analyze,Kraft Heinz,reports,Packaged Foods & Meats,"Chicago, Illinois; Pittsburgh, Pennsylvania",7/6/15,1637459,2015 (1869)
163,APH,Amphenol Corp,Common stocks,Large cap,Information Technology,"$48,125,295,450 ",0.98%,0,0,0,Analyze,Amphenol,reports,Electronic Components,"Wallingford, Connecticut",9/30/08,820313,1932
164,EW,Edwards Lifesciences Corp,Common stocks,Large cap,Health Care,"$47,952,284,302 ",0.00%,0,0,0,Analyze,Edwards Lifesciences,reports,Health Care Equipment,"Irvine, California",4/1/11,1099800,1958
165,HSY,Hershey Foods,Common stocks,Large cap,Consumer Staples,"$47,553,950,400 ",1.66%,0,0,0,Analyze,Hershey's,reports,Packaged Foods & Meats,"Hershey, Pennsylvania",3/4/57,47111,1894
166,CTVA,"Corteva, Inc.",Common stocks,Large cap,Materials,"$47,335,095,000 ",0.87%,0,0,0,Analyze,Corteva,reports,Fertilizers & Agricultural Chemicals,"Indianapolis, Indiana",6/3/19,1755672,2019
167,ROP,Roper Technologies Inc,Common stocks,Large cap,Information Technology,"$47,164,529,975 ",0.56%,0,0,0,Analyze,Roper Technologies,reports,Electronic Equipment & Instruments,"Sarasota, Florida",12/23/09,882835,1981
168,CTAS,Cintas Corp,Common stocks,Large cap,Industrials,"$46,959,634,621 ",0.90%,0,0,0,Analyze,Cintas,reports,Diversified Support Services,"Mason, Ohio",3/1/01,723254,1929
169,FDX,FedEx Corporation,Common stocks,Large cap,Industrials,"$46,956,661,466 ",2.09%,0,0,0,Analyze,FedEx,reports,Air Freight & Logistics,"Memphis, Tennessee",12/31/80,1048911,1971
170,AIG,American International Group Inc,Common stocks,Large cap,Financials,"$46,882,038,631 ",2.01%,0,0,0,Analyze,American International Group,reports,Property & Casualty Insurance,"New York City, New York",3/31/80,5272,1919
171,A,Agilent Technologies Inc,Common stocks,Large cap,Health Care,"$46,217,853,788 ",0.54%,0,0,0,Analyze,Agilent Technologies,reports,Health Care Equipment,"Santa Clara, California",6/5/00,1090872,1999
172,KMB,Kimberly Clark Corp,Common stocks,Large cap,Consumer Staples,"$46,101,420,040 ",3.34%,0,0,0,Analyze,Kimberly-Clark,reports,Household Products,"Irving, Texas",3/4/57,55785,1872
173,JCI,Johnson Controls International Plc,Common stocks,Large cap,Industrials,"$45,940,490,174 ",2.06%,0,0,0,Analyze,Johnson Controls,reports,Building Products,"Cork, Ireland",8/27/10,833444,1885
174,DXCM,Dexcom Inc,Common stocks,Large cap,Health Care,"$45,590,046,494 ",0.00%,0,0,0,Analyze,Dexcom,reports,Health Care Equipment,"San Diego, California",5/12/20,1093557,1999
175,MSI,Motorola Solutions Inc,Common stocks,Large cap,Information Technology,"$45,442,488,142 ",1.16%,0,0,0,Analyze,Motorola Solutions,reports,Communications Equipment,"Chicago, Illinois",,68505,1928 (2011)
176,PAYX,Paychex Inc,Common stocks,Large cap,Information Technology,"$45,374,435,918 ",2.38%,0,0,0,Analyze,Paychex,reports,Data Processing & Outsourced Services,"Penfield, New York",,723531,1971
177,CMG,Chipotle Mexican Grill Inc,Common stocks,Large cap,Consumer Discretionary,"$45,069,815,523 ",0.00%,0,0,0,Analyze,Chipotle Mexican Grill,reports,Restaurants,"Newport Beach, California",4/28/11,1058090,1993
178,NXPI,NXP Semiconductors Nv,Common stocks,Large cap,Information Technology,"$44,944,350,465 ",1.77%,0,0,0,Analyze,NXP Semiconductors,reports,Semiconductors,"Eindhoven, Netherlands",3/22/21,1413447,1953
179,AFL,Aflac Inc,Common stocks,Large cap,Financials,"$44,712,815,350 ",2.20%,0,0,0,Analyze,Aflac,reports,Life & Health Insurance,"Columbus, Georgia",5/28/99,4977,1955
180,ADSK,Autodesk Inc,Common stocks,Large cap,Information Technology,"$44,667,712,803 ",0.00%,0,0,0,Analyze,Autodesk,reports,Application Software,"San Francisco, California",12/1/89,769397,1982
181,DVN,Devon Energy Corp,Common stocks,Large cap,Energy,"$44,634,636,000 ",4.74%,0,0,0,Analyze,Devon Energy,reports,Oil & Gas Exploration & Production,"Oklahoma City, Oklahoma",8/30/00,1090012,1971
182,TRV,Travelers Companies Inc,Common stocks,Large cap,Financials,"$44,324,490,879 ",1.90%,0,0,0,Analyze,The Travelers Companies,reports,Property & Casualty Insurance,"New York City, New York",8/21/02,86312,1853
183,HES,Hess Corp,Common stocks,Large cap,Energy,"$44,202,184,770 ",0.95%,0,0,0,Analyze,Hess Corporation,reports,Integrated Oil & Gas,"New York City, New York",5/31/84,4447,1919
184,RSG,Republic Services Inc,Common stocks,Large cap,Industrials,"$44,161,130,806 ",1.33%,0,0,0,Analyze,Republic Services,reports,Environmental & Facilities Services,"Phoenix, Arizona",12/5/08,1060391,1998 (1981)
185,SYY,Sysco Corp,Common stocks,Large cap,Consumer Staples,"$43,602,277,937 ",2.21%,0,0,0,Analyze,Sysco,reports,Food Distributors,"Houston, Texas",12/31/86,96021,1969
186,BIIB,Biogen Inc,Common stocks,Large cap,Health Care,"$43,466,823,797 ",0.00%,0,0,0,Analyze,Biogen,reports,Biotechnology,"Cambridge, Massachusetts",11/13/03,875045,1978
187,FIS,Fidelity National Information Services,Common stocks,Large cap,Information Technology,"$43,423,508,590 ",2.44%,0,0,0,Analyze,FIS,reports,Data Processing & Outsourced Services,"Jacksonville, Florida",11/10/06,1136893,1968
188,ECL,Ecolab Inc,Common stocks,Large cap,Materials,"$43,276,775,436 ",1.34%,0,0,0,Analyze,Ecolab,reports,Specialty Chemicals,"Saint Paul, Minnesota",1/31/89,31462,1923
189,FTNT,Fortinet Inc,Common stocks,Large cap,Information Technology,"$43,264,850,289 ",0.00%,0,0,0,Analyze,Fortinet,reports,Systems Software,"Sunnyvale, California",10/11/18,1262039,2000
190,MCHP,Microchip Technology Inc,Common stocks,Large cap,Information Technology,"$43,076,682,167 ",1.47%,0,0,0,Analyze,Microchip Technology,reports,Semiconductors,"Chandler, Arizona",9/7/07,827054,1989
191,KMI,Kinder Morgan Inc,Common stocks,Large cap,Energy,"$43,044,260,660 ",5.63%,0,0,0,Analyze,Kinder Morgan,reports,Oil & Gas Storage & Transportation,"Houston, Texas",5/25/12,1506307,1997
192,LHX,"L3Harris Technologies, Inc.",Common stocks,Large cap,Industrials,"$42,914,885,965 ",1.97%,0,0,0,Analyze,L3Harris,reports,Aerospace & Defense,"Melbourne, Florida",9/22/08,202058,2019 (1895)
193,ANET,Arista Networks Inc,Common stocks,Large cap,Information Technology,"$42,712,940,264 ",0.00%,0,0,0,Analyze,Arista Networks,reports,Communications Equipment,"Santa Clara, California",8/28/18,1596532,2004
194,ENPH,Enphase Energy Inc,Common stocks,Large cap,Information Technology,"$42,680,001,608 ",0.00%,0,0,0,Analyze,Enphase,reports,Electronic Components,"Fremont, California",1/7/21,1463101,2006
195,WMB,Williams Inc,Common stocks,Large cap,Energy,"$42,544,426,794 ",4.74%,0,0,0,Analyze,Williams Companies,reports,Oil & Gas Storage & Transportation,"Tulsa, Oklahoma",3/31/75,107263,1908
196,AJG,Arthur J Gallagher,Common stocks,Large cap,Financials,"$42,108,964,800 ",1.02%,0,0,0,Analyze,Arthur J. Gallagher & Co.,reports,Insurance Brokers,"Rolling Meadows, Illinois",5/31/16,354190,1927
197,STZ,Constellation Brands Class A,Common stocks,Large cap,Consumer Staples,"$41,712,002,123 ",1.22%,0,0,0,Analyze,Constellation Brands,reports,Distillers & Vintners,"Victor, New York",7/1/05,16918,1945
198,MSCI,MSCI Inc,Common stocks,Large cap,Financials,"$41,689,388,171 ",0.88%,0,0,0,Analyze,MSCI,reports,Financial Exchanges & Data,"New York City, New York",4/4/18,1408198,1969
199,EXC,Exelon Corp,Common stocks,Large cap,Utilities,"$41,270,106,506 ",3.21%,0,0,0,Analyze,Exelon,reports,Multi-Utilities,"Chicago, Illinois",3/4/57,1109357,2000
200,TT,Trane Technologies plc,Common stocks,Large cap,Industrials,"$41,036,154,001 ",1.49%,0,0,0,Analyze,Trane Technologies,reports,Building Products,"Dublin, Ireland",11/17/10,1466258,1871
201,IQV,"IQVIA Holdings, Inc.",Common stocks,Large cap,Health Care,"$40,964,962,073 ",0.00%,0,0,0,Analyze,IQVIA,reports,Life Sciences Tools & Services,"Durham, North Carolina",8/29/17,1478242,1982
202,ROST,Ross Stores Inc,Common stocks,Large cap,Consumer Discretionary,"$40,946,469,498 ",1.02%,0,0,0,Analyze,Ross Stores,reports,Apparel Retail,"Dublin, California",12/21/09,745732,1982
203,TEL,TE Connectivity Ltd,Common stocks,Large cap,Information Technology,"$40,224,835,388 ",1.71%,0,0,0,Analyze,TE Connectivity,reports,Electronic Manufacturing Services,"Schaffhausen, Switzerland",10/17/11,1385157,2007
204,PRU,Prudential Financial Inc,Common stocks,Large cap,Financials,"$40,075,560,000 ",4.38%,0,0,0,Analyze,Prudential Financial,reports,Life & Health Insurance,"Newark, New Jersey",7/22/02,1137774,1875
205,O,Realty Income Corporation,REITs,Large cap,Real Estate,"$39,391,534,009 ",4.63%,0,0,0,Analyze,Realty Income,reports,Retail REITs,"San Diego, California",4/7/15,726728,1969
206,SPG,"Simon Property Group, Inc",REITs,Large cap,Real Estate,"$38,909,818,587 ",5.54%,0,0,0,Analyze,Simon Property Group,reports,Retail REITs,"Indianapolis, Indiana",6/26/02,1063761,2003
207,NEM,Newmont Corporation,Common stocks,Large cap,Materials,"$38,551,890,165 ",4.46%,0,0,0,Analyze,Newmont,reports,Gold,"Denver, Colorado",6/30/69,1164727,1921
208,HLT,Hilton Worldwide Holdings Inc,Common stocks,Large cap,Consumer Discretionary,"$38,485,891,219 ",0.32%,0,0,0,Analyze,Hilton Worldwide,reports,"Hotels, Resorts & Cruise Lines","Tysons Corner, Virginia",6/19/17,1585689,1919
209,XEL,Xcel Energy Inc,Common stocks,Large cap,Utilities,"$38,411,371,934 ",2.71%,0,0,0,Analyze,Xcel Energy,reports,Multi-Utilities,"Minneapolis, Minnesota",3/4/57,72903,1909
210,NUE,Nucor Corp,Common stocks,Large cap,Materials,"$38,289,148,718 ",1.33%,0,0,0,Analyze,Nucor,reports,Steel,"Charlotte, North Carolina",4/30/85,73309,1940
211,PH,Parker-Hannifin Corp,Common stocks,Large cap,Industrials,"$38,203,273,087 ",1.67%,0,0,0,Analyze,Parker Hannifin,reports,Industrial Machinery,"Cleveland, Ohio",11/30/85,76334,1917
212,COF,Capital One Financial Corp,Common stocks,Large cap,Financials,"$37,910,302,171 ",2.38%,0,0,0,Analyze,Capital One,reports,Consumer Finance,"Tysons Corner, Virginia",7/1/98,927628,1994
213,CARR,Carrier Global Corporation,Common stocks,Large cap,Industrials,"$37,573,229,869 ",1.33%,0,0,0,Analyze,Carrier Global,reports,Building Products,"Palm Beach Gardens, Florida",4/3/20,1783180,2020 (1915)
214,BK,Bank Of New York Mellon Corp,Common stocks,Large cap,Financials,"$36,986,890,466 ",3.06%,0,0,0,Analyze,BNY Mellon,reports,Asset Management & Custody Banks,"New York City, New York",3/31/95,1390777,1784
215,PCAR,Paccar Inc,Common stocks,Large cap,Industrials,"$36,845,974,571 ",1.30%,0,0,0,Analyze,Paccar,reports,Construction Machinery & Heavy Trucks,"Bellevue, Washington",12/31/80,75362,1905
216,YUM,Yum Brands Inc,Common stocks,Large cap,Consumer Discretionary,"$36,391,255,409 ",1.75%,0,0,0,Analyze,Yum! Brands,reports,Restaurants,"Louisville, Kentucky",10/6/97,1041061,1997
217,IDXX,Idexx Laboratories Inc,Common stocks,Large cap,Health Care,"$36,370,723,006 ",0.00%,0,0,0,Analyze,Idexx Laboratories,reports,Health Care Equipment,"Westbrook, Maine",1/5/17,874716,1983
218,EA,Electronic Arts Inc,Common stocks,Large cap,Communication Services,"$36,337,680,399 ",0.69%,0,0,0,Analyze,Electronic Arts,reports,Interactive Home Entertainment,"Redwood City, California",7/22/02,712515,1982
219,DOW,Dow Inc.,Common stocks,Large cap,Materials,"$35,940,985,868 ",5.38%,0,0,0,Analyze,Dow Inc.,reports,Commodity Chemicals,"Midland, Michigan",4/1/19,1751788,2019
220,LVS,Las Vegas Sands Corp,Common stocks,Large cap,Consumer Discretionary,"$35,831,755,931 ",0.00%,0,0,0,Analyze,Las Vegas Sands,reports,Casinos & Gaming,"Las Vegas, Nevada",10/3/19,1300514,1988
221,WBA,Walgreen Boots Alliance Inc,Common stocks,Large cap,Consumer Staples,"$35,725,428,789 ",4.56%,0,0,0,Analyze,Walgreens Boots Alliance,reports,Drug Retail,"Deerfield, Illinois",12/31/79,1618921,2014
223,ABC,AmerisourceBergen Corp,Common stocks,Large cap,Health Care,"$35,300,097,907 ",1.08%,0,0,0,Analyze,AmerisourceBergen,reports,Health Care Distributors,"Conshohocken, Pennsylvania",8/30/01,1140859,1985
224,AMP,Ameriprise Finance Inc,Common stocks,Large cap,Financials,"$35,216,643,665 ",1.47%,0,0,0,Analyze,Ameriprise Financial,reports,Asset Management & Custody Banks,"Minneapolis, Minnesota",10/3/05,820027,1894
225,CMI,Cummins Inc,Common stocks,Large cap,Industrials,"$35,151,258,878 ",2.40%,0,0,0,Analyze,Cummins,reports,Industrial Machinery,"Columbus, Indiana",3/31/65,26172,1919
226,ALL,Allstate Corp,Common stocks,Large cap,Financials,"$35,010,315,864 ",2.55%,0,0,0,Analyze,Allstate,reports,Property & Casualty Insurance,"Northfield Township, Illinois",7/13/95,899051,1931
227,DD,"DuPont de Nemours, Inc.",Common stocks,Large cap,Materials,"$34,983,877,718 ",1.86%,0,0,0,Analyze,DuPont,reports,Specialty Chemicals,"Wilmington, Delaware",4/2/19,1666700,2017
228,ILMN,Illumina Inc,Common stocks,Large cap,Health Care,"$34,741,278,000 ",0.00%,0,0,0,Analyze,Illumina,reports,Life Sciences Tools & Services,"San Diego, California",11/19/15,1110803,1998
229,ED,Consolidated Edison Inc,Common stocks,Large cap,Utilities,"$34,723,329,677 ",3.19%,0,0,0,Analyze,Consolidated Edison,reports,Electric Utilities,"New York City, New York",,1047862,1823
230,KR,Kroger,Common stocks,Large cap,Consumer Staples,"$34,652,183,903 ",1.93%,0,0,0,Analyze,Kroger,reports,Food Retail,"Cincinnati, Ohio",3/4/57,56873,1883
231,TDG,Transdigm Group Inc,Common stocks,Large cap,Industrials,"$34,508,293,605 ",0.00%,0,0,0,Analyze,TransDigm Group,reports,Aerospace & Defense,"Cleveland, Ohio",6/3/16,1260221,1993
232,HAL,Halliburton,Common stocks,Large cap,Energy,"$34,405,892,381 ",1.07%,0,0,0,Analyze,Halliburton,reports,Oil & Gas Equipment & Services,"Houston, Texas",3/4/57,45012,1919
233,CSGP,Costar Group Inc,Common stocks,Large cap,Industrials,"$33,734,940,477 ",0.00%,0,0,0,Analyze,CoStar Group,reports,Research & Consulting Services,"Washington, D.C.",9/19/22,1057352,1987
234,NDAQ,Nasdaq Inc,Common stocks,Large cap,Financials,"$33,647,734,736 ",1.13%,0,0,0,Analyze,"Nasdaq, Inc.",reports,Financial Exchanges & Data,"New York City, New York",10/22/08,1120193,1971
235,RMD,Resmed Inc,Common stocks,Large cap,Health Care,"$33,594,560,291 ",0.75%,0,0,0,Analyze,ResMed,reports,Health Care Equipment,"San Diego, California",7/26/17,943819,1989
236,WELL,Welltower Inc,REITs,Large cap,Real Estate,"$33,544,297,452 ",2.56%,0,0,0,Analyze,Welltower,reports,Health Care REITs,"Toledo, Ohio",1/30/09,766704,1970
237,DLTR,Dollar Tree Inc,Common stocks,Large cap,Consumer Discretionary,"$33,527,842,400 ",0.00%,0,0,0,Analyze,Dollar Tree,reports,General Merchandise Stores,"Chesapeake, Virginia",12/19/11,935703,1986
238,ODFL,Old Dominion Freight Line Inc,Common stocks,Large cap,Industrials,"$33,242,815,244 ",0.30%,0,0,0,Analyze,Old Dominion,reports,Trucking,"Thomasville, North Carolina",12/9/19,878927,1934
239,MTD,Mettler Toledo Inc,Common stocks,Large cap,Health Care,"$33,225,698,692 ",0.00%,0,0,0,Analyze,Mettler Toledo,reports,Life Sciences Tools & Services,"Columbus, Ohio",9/6/16,1037646,1945
240,AME,Ametek Inc,Common stocks,Large cap,Industrials,"$32,907,178,546 ",0.60%,0,0,0,Analyze,Ametek,reports,Electrical Components & Equipment,"Berwyn, Pennsylvania",9/23/13,1037868,1930
241,OTIS,Otis Worldwide Corporation,Common stocks,Large cap,Industrials,"$32,839,480,450 ",1.40%,0,0,0,Analyze,Otis Worldwide,reports,Industrial Machinery,"Farmington, Connecticut",4/3/20,1781335,2020 (1853)
242,VICI,VICI Properties Inc,REITs,Large cap,Real Estate,"$32,610,493,133 ",4.26%,0,0,0,Analyze,Vici Properties,reports,Hotel & Resort REITs,"New York City, New York",6/8/22,1705696,2017
243,SBAC,SBA Communications Corporation,REITs,Large cap,Real Estate,"$32,520,299,701 ",0.94%,0,0,0,Analyze,SBA Communications,reports,Specialized REITs,"Boca Raton, Florida",9/1/17,1034054,1989
244,KEYS,Keysight Technologies Inc,Common stocks,Large cap,Information Technology,"$32,447,947,987 ",0.00%,0,0,0,Analyze,Keysight,reports,Electronic Equipment & Instruments,"Santa Rosa, California",11/6/18,1601046,2014 (1939)
245,ALB,Albemarle Corp,Common stocks,Large cap,Materials,"$32,250,992,660 ",0.57%,0,0,0,Analyze,Albemarle Corporation,reports,Specialty Chemicals,"Charlotte, North Carolina",7/1/16,915913,1994
246,CTSH,Cognizant Technology Solutions,Common stocks,Large cap,Information Technology,"$32,181,760,072 ",1.71%,0,0,0,Analyze,Cognizant,reports,IT Consulting & Other Services,"Teaneck, New Jersey",11/17/06,1058290,1994
247,DLR,"Digital Realty Trust, Inc",REITs,Large cap,Real Estate,"$32,116,238,118 ",4.25%,0,0,0,Analyze,Digital Realty,reports,Specialized REITs,"Austin, Texas",5/18/16,1297996,2004
248,ON,ON Semiconductor Corp,Common stocks,Large cap,Information Technology,"$31,995,020,166 ",0.00%,0,0,0,Analyze,ON Semiconductor,reports,Semiconductors,"Phoenix, Arizona",6/21/22,1097864,1999
249,PPG,PPG Industries Inc,Common stocks,Large cap,Materials,"$31,719,297,094 ",1.78%,0,0,0,Analyze,PPG Industries,reports,Specialty Chemicals,"Pittsburgh, Pennsylvania",3/4/57,79879,1883
250,PCG,Pacific Gas & Electric Co.,Common stocks,Large cap,Utilities,"$31,083,800,000 ",0.00%,0,0,0,Analyze,PG&E Corporation,reports,Multi-Utilities,"San Francisco, California",10/3/22,1004980,1905
251,CEG,Constellation Energy Corporation,Common stocks,Large cap,Utilities,"$30,893,380,541 ",0.60%,0,0,0,Analyze,Constellation Energy,reports,Multi-Utilities,"Baltimore, Maryland",2/2/22,1868275,1999
252,WEC,WEC Energy Group Inc,Common stocks,Large cap,Utilities,"$30,688,625,521 ",2.93%,0,0,0,Analyze,WEC Energy Group,reports,Electric Utilities,"Milwaukee, Wisconsin",10/31/08,783325,1896
253,ROK,Rockwell Automation Inc,Common stocks,Large cap,Industrials,"$30,634,677,546 ",1.68%,0,0,0,Analyze,Rockwell Automation,reports,Electrical Components & Equipment,"Milwaukee, Wisconsin",,1024478,1903
254,GWW,W.W. Grainger Inc,Common stocks,Large cap,Industrials,"$30,478,240,856 ",1.12%,0,0,0,Analyze,W. W. Grainger,reports,Industrial Machinery,"Lake Forest, Illinois",6/30/81,277135,1927
255,PEG,Public Service Enterprise Group Inc,Common stocks,Large cap,Utilities,"$30,136,564,538 ",3.49%,0,0,0,Analyze,Public Service Enterprise Group,reports,Electric Utilities,"Newark, New Jersey",3/4/57,788784,1903
256,HPQ,HP Inc,Common stocks,Large cap,Information Technology,"$30,037,333,434 ",3.31%,0,0,0,Analyze,HP Inc.,reports,"Technology Hardware, Storage & Peripherals","Palo Alto, California",12/31/74,47217,1939 (2015)
257,OKE,Oneok Inc,Common stocks,Large cap,Energy,"$30,035,298,182 ",5.44%,0,0,0,Analyze,ONEOK,reports,Oil & Gas Storage & Transportation,"Tulsa, Oklahoma",3/15/10,1039684,1906
258,DHI,D R Horton Inc,Common stocks,Large cap,Consumer Discretionary,"$29,854,384,381 ",1.32%,0,0,0,Analyze,D.R. Horton,reports,Homebuilding,"Arlington, Texas",6/22/05,882184,1978
259,FAST,Fastenal,Common stocks,Large cap,Industrials,"$29,531,499,413 ",2.38%,0,0,0,Analyze,Fastenal,reports,Building Products,"Winona, Minnesota",9/15/08,815556,1967
260,BKR,Baker Hughes Company Class A,Common stocks,Large cap,Energy,"$29,302,940,484 ",2.47%,0,0,0,Analyze,Baker Hughes,reports,Oil & Gas Equipment & Services,"Houston, Texas",7/7/17,1701605,2017
261,ES,Eversource Energy,Common stocks,Large cap,Utilities,"$29,226,475,277 ",2.97%,0,0,0,Analyze,Eversource,reports,Multi-Utilities,"Hartford, Connecticut",2009,72741,1966
262,VRSK,Verisk Analytics Inc,Common stocks,Large cap,Industrials,"$29,110,053,013 ",0.65%,0,0,0,Analyze,Verisk,reports,Research & Consulting Services,"Jersey City, New Jersey",10/8/15,1442145,1971
263,DFS,Discover Financial Services,Common stocks,Large cap,Financials,"$29,106,740,745 ",2.14%,0,0,0,Analyze,Discover Financial,reports,Consumer Finance,"Riverwoods, Illinois",7/2/07,1393612,1985
264,MTB,M&T Bank Corp,Common stocks,Large cap,Financials,"$29,054,277,894 ",2.83%,0,0,0,Analyze,M&T Bank,reports,Regional Banks,"Buffalo, New York",2/23/04,36270,1856
265,GLW,Corning Inc,Common stocks,Large cap,Information Technology,"$28,960,581,514 ",3.12%,0,0,0,Analyze,Corning Inc.,reports,Electronic Components,"Corning, New York",,24741,1851
266,STT,State Street Corp,Common stocks,Large cap,Financials,"$28,885,528,372 ",2.93%,0,0,0,Analyze,State Street Corporation,reports,Asset Management & Custody Banks,"Boston, Massachusetts",,93751,1792
267,APTV,Aptiv Plc,Common stocks,Large cap,Consumer Discretionary,"$28,501,186,215 ",0.00%,0,0,0,Analyze,Aptiv,reports,Auto Parts & Equipment,"Dublin, Ireland",12/24/12,1521332,1994
268,TROW,T Rowe Price Group Inc,Common stocks,Large cap,Financials,"$28,400,142,957 ",3.63%,0,0,0,Analyze,T. Rowe Price,reports,Asset Management & Custody Banks,"Baltimore, Maryland",,1113169,1937
269,WBD,"Warner Bros. Discovery, Inc. - Series A",Common stocks,Large cap,Communication Services,"$28,242,245,654 ",0.00%,0,0,0,Analyze,Warner Bros. Discovery,reports,Broadcasting,"New York City, New York",4/11/22,1437107,2022
270,IT,Gartner Inc,Common stocks,Large cap,Information Technology,"$28,154,015,863 ",0.00%,0,0,0,Analyze,Gartner,reports,IT Consulting & Other Services,"Stamford, Connecticut",4/5/17,749251,1979
271,AWK,American Water Works Inc,Common stocks,Large cap,Utilities,"$28,003,310,875 ",1.66%,0,0,0,Analyze,American Water Works,reports,Water Utilities,"Camden, New Jersey",3/4/16,1410636,1886
272,GPN,Global Payments Inc,Common stocks,Large cap,Information Technology,"$27,994,630,645 ",0.96%,0,0,0,Analyze,Global Payments,reports,Data Processing & Outsourced Services,"Atlanta, Georgia",4/25/16,1123360,2000
273,LYB,Lyondellbasell Industries NV,Common stocks,Large cap,Materials,"$27,560,852,009 ",5.46%,0,0,0,Analyze,LyondellBasell,reports,Specialty Chemicals,"Rotterdam, Netherlands",9/5/12,1489393,2007
274,IFF,International Flavors & Fragrances,Common stocks,Large cap,Materials,"$27,214,670,885 ",2.95%,0,0,0,Analyze,International Flavors & Fragrances,reports,Specialty Chemicals,"New York City, New York",3/31/76,51253,1958 (1889)
275,WTW,Willis Towers Watson Public Limited Company,Common stocks,Large cap,Financials,"$26,692,479,715 ",1.32%,0,0,0,Analyze,Willis Towers Watson,reports,Insurance Brokers,"London, United Kingdom",1/5/16,1140536,2016
276,BAX,Baxter International Inc,Common stocks,Large cap,Health Care,"$26,405,845,356 ",2.18%,0,0,0,Analyze,Baxter International,reports,Health Care Equipment,"Deerfield, Illinois",9/30/72,10456,1931
277,GPC,Genuine Parts,Common stocks,Large cap,Consumer Discretionary,"$26,100,733,430 ",1.92%,0,0,0,Analyze,Genuine Parts Company,reports,Specialty Stores,"Atlanta, Georgia",12/31/73,40987,1925
278,HRL,Hormel Foods Corp,Common stocks,Large cap,Consumer Staples,"$25,993,543,974 ",2.17%,0,0,0,Analyze,Hormel Foods,reports,Packaged Foods & Meats,"Austin, Minnesota",3/4/09,48465,1891
279,CDW,CDW Corp,Common stocks,Large cap,Information Technology,"$25,888,109,668 ",1.09%,0,0,0,Analyze,CDW,reports,Technology Distributors,"Lincolnshire, Illinois",9/23/19,1402057,1984
280,ZBH,Zimmer Biomet Holdings Inc,Common stocks,Large cap,Health Care,"$25,885,292,553 ",0.78%,0,0,0,Analyze,Zimmer Biomet,reports,Health Care Equipment,"Warsaw, Indiana",8/7/01,1136869,1927
281,FANG,Diamondback Energy Inc,Common stocks,Large cap,Energy,"$25,466,994,092 ",1.91%,0,0,0,Analyze,Diamondback Energy,reports,Oil & Gas Exploration & Production,"Midland, Texas",12/3/18,1539838,2007
282,ARE,"Alexandria Real Estate Equities, Inc",REITs,Large cap,Real Estate,"$25,412,196,434 ",2.97%,0,0,0,Analyze,Alexandria Real Estate Equities,reports,Office REITs,"Pasadena, California",3/20/17,1035443,1994
283,RJF,Raymond James Inc,Common stocks,Large cap,Financials,"$25,250,616,102 ",1.15%,0,0,0,Analyze,Raymond James,reports,Investment Banking & Brokerage,"St. Petersburg, Florida",3/20/17,720005,1962
284,LEN,Lennar Corporation Class A,Common stocks,Large cap,Consumer Discretionary,"$25,133,450,704 ",1.69%,0,0,0,Analyze,Lennar,reports,Homebuilding,"Miami, Florida",10/4/05,920760,1954
285,CBRE,CBRE Group Inc,Common stocks,Large cap,Real Estate,"$25,130,546,713 ",0.00%,0,0,0,Analyze,CBRE Group,reports,Real Estate Services,"Dallas, Texas",11/10/06,1138118,1906
286,EIX,Edison International,Common stocks,Large cap,Utilities,"$25,020,428,640 ",4.20%,0,0,0,Analyze,Edison International,reports,Electric Utilities,"Rosemead, California",3/4/57,827052,1886
287,K,Kellogg,Common stocks,Large cap,Consumer Staples,"$24,896,052,000 ",3.16%,0,0,0,Analyze,Kellogg's,reports,Packaged Foods & Meats,"Battle Creek, Michigan",9/11/89,55067,1906
288,TSCO,Tractor Supply,Common stocks,Large cap,Consumer Discretionary,"$24,813,358,724 ",1.63%,0,0,0,Analyze,Tractor Supply,reports,Specialty Stores,"Brentwood, Tennessee",1/24/14,916365,1938
289,EFX,Equifax Inc,Common stocks,Large cap,Industrials,"$24,764,183,515 ",0.77%,0,0,0,Analyze,Equifax,reports,Research & Consulting Services,"Atlanta, Georgia",6/19/97,33185,1899
290,URI,United Rentals Inc,Common stocks,Large cap,Industrials,"$24,702,928,798 ",0.00%,0,0,0,Analyze,United Rentals,reports,Trading Companies & Distributors,"Stamford, Connecticut",9/20/14,1067701,1997
291,FITB,Fifth Third Bancorp,Common stocks,Large cap,Financials,"$24,552,390,858 ",3.39%,0,0,0,Analyze,Fifth Third Bank,reports,Regional Banks,"Cincinnati, Ohio",,35527,1858
292,EBAY,Ebay Inc,Common stocks,Large cap,Consumer Discretionary,"$24,506,484,369 ",1.94%,0,0,0,Analyze,eBay,reports,Internet & Direct Marketing Retail,"San Jose, California",7/22/02,1065088,1995
293,EQR,Equity Residential,REITs,Large cap,Real Estate,"$24,432,458,178 ",3.78%,0,0,0,Analyze,Equity Residential,reports,Residential REITs,"Chicago, Illinois",12/3/01,906107,1969
294,VMC,Vulcan Materials,Common stocks,Large cap,Materials,"$24,432,269,177 ",0.87%,0,0,0,Analyze,Vulcan Materials Company,reports,Construction Materials,"Birmingham, Alabama",6/30/99,1396009,1909
295,AVB,"AvalonBay Communities, Inc",REITs,Large cap,Real Estate,"$24,367,320,597 ",3.61%,0,0,0,Analyze,AvalonBay Communities,reports,Residential REITs,"Arlington, Virginia",1/10/07,915912,1978
296,ULTA,Ulta Beauty Inc,Common stocks,Large cap,Consumer Discretionary,"$24,203,694,450 ",0.00%,0,0,0,Analyze,Ulta Beauty,reports,Specialty Stores,"Bolingbrook, Illinois",4/18/16,1403568,1990
297,HIG,Hartford Financial Services Group,Common stocks,Large cap,Financials,"$24,057,822,000 ",2.07%,0,0,0,Analyze,Hartford (The),reports,Property & Casualty Insurance,"Hartford, Connecticut",3/4/57,874766,1810
298,FTV,Fortive Corp,Common stocks,Large cap,Industrials,"$24,020,042,296 ",0.41%,0,0,0,Analyze,Fortive,reports,Industrial Machinery,"Everett, Washington",7/1/16,1659166,2016
299,LUV,Southwest Airlines,Common stocks,Large cap,Industrials,"$23,797,580,320 ",0.00%,0,0,0,Analyze,Southwest Airlines,reports,Airlines,"Dallas, Texas",7/1/94,92380,1967
300,WY,Weyerhaeuser Company,REITs,Large cap,Real Estate,"$23,755,400,760 ",2.21%,0,0,0,Analyze,Weyerhaeuser,reports,Specialized REITs,"Seattle, Washington",,106535,1900
301,ETR,Entergy Corp,Common stocks,Large cap,Utilities,"$23,665,149,658 ",3.44%,0,0,0,Analyze,Entergy,reports,Electric Utilities,"New Orleans, Louisiana",3/4/57,65984,1913
302,FE,Firstenergy Corp,Common stocks,Large cap,Utilities,"$23,659,147,209 ",3.71%,0,0,0,Analyze,FirstEnergy,reports,Electric Utilities,"Akron, Ohio",,1031296,1997
303,TSN,Tyson Foods Inc Class A,Common stocks,Large cap,Consumer Staples,"$23,548,572,400 ",2.82%,0,0,0,Analyze,Tyson Foods,reports,Packaged Foods & Meats,"Springdale, Arkansas",8/10/05,100493,1935
304,MKC,McCormick & Co  Non-voting,Common stocks,Large cap,Consumer Staples,"$22,996,028,924 ",1.71%,0,0,0,Analyze,McCormick & Company,reports,Packaged Foods & Meats,"Hunt Valley, Maryland",3/20/03,63754,1889
305,AEE,Ameren Corp,Common stocks,Large cap,Utilities,"$22,930,916,390 ",2.60%,0,0,0,Analyze,Ameren,reports,Multi-Utilities,"St. Louis, Missouri",9/19/91,1002910,1902
307,MLM,Martin Marietta Materials Inc,Common stocks,Large cap,Materials,"$22,686,697,774 ",0.69%,0,0,0,Analyze,Martin Marietta Materials,reports,Construction Materials,"Raleigh, North Carolina",7/2/14,916076,1993
308,DAL,Delta Air Lines Inc,Common stocks,Large cap,Industrials,"$22,685,244,248 ",0.00%,0,0,0,Analyze,Delta Air Lines,reports,Airlines,"Atlanta, Georgia",9/11/13,27904,1929
309,ANSS,Ansys Inc,Common stocks,Large cap,Information Technology,"$22,615,207,328 ",0.00%,0,0,0,Analyze,Ansys,reports,Application Software,"Canonsburg, Pennsylvania",6/19/17,1013462,1969
310,DTE,DTE Energy,Common stocks,Large cap,Utilities,"$22,497,319,995 ",3.02%,0,0,0,Analyze,DTE Energy,reports,Multi-Utilities,"Detroit, Michigan",3/4/57,936340,1995
311,HBAN,Huntington Bancshares Inc,Common stocks,Large cap,Financials,"$22,492,227,035 ",3.91%,0,0,0,Analyze,Huntington Bancshares,reports,Regional Banks,"Columbus, Ohio; Detroit, Michigan",,49196,1866
312,PFG,Principal Financial Group Inc,Common stocks,Large cap,Financials,"$22,246,559,267 ",2.78%,0,0,0,Analyze,Principal Financial Group,reports,Life & Health Insurance,"Des Moines, Iowa",7/22/02,1126328,1879
313,ACGL,Arch Capital Group Ltd,Common stocks,Large cap,Financials,"$22,103,612,094 ",0.00%,0,0,0,Analyze,Arch Capital Group,reports,Reinsurance,"Hamilton, Bermuda",11/1/22,947484,1995
314,IR,Ingersoll Rand Plc,Common stocks,Large cap,Industrials,"$21,983,418,587 ",0.15%,0,0,0,Analyze,Ingersoll Rand,reports,Industrial Machinery,"Davidson, North Carolina",3/3/20,1699150,1859
315,VRSN,Verisign Inc,Common stocks,Large cap,Information Technology,"$21,687,786,404 ",0.00%,0,0,0,Analyze,Verisign,reports,Internet Services & Infrastructure,"Dulles, Virginia",2/1/06,1014473,1995
316,PWR,Quanta Services Inc,Common stocks,Large cap,Industrials,"$21,682,392,400 ",0.18%,0,0,0,Analyze,Quanta Services,reports,Construction & Engineering,"Houston, Texas",7/1/09,1050915,1997
317,HPE,Hewlett Packard Enterprise,Common stocks,Large cap,Information Technology,"$21,642,309,071 ",2.82%,0,0,0,Analyze,Hewlett Packard Enterprise,reports,"Technology Hardware, Storage & Peripherals","Houston, Texas",11/2/15,1645590,2015
318,CTRA,Coterra Energy Inc.,Common stocks,Large cap,Energy,"$21,627,659,438 ",2.13%,0,0,0,Analyze,Coterra,reports,Oil & Gas Exploration & Production,"Houston, Texas",6/23/08,858470,2021 (1989)
319,PPL,PPL Corporation,Common stocks,Large cap,Utilities,"$21,566,762,538 ",3.59%,0,0,0,Analyze,PPL Corporation,reports,Electric Utilities,"Allentown, Pennsylvania",,922224,1920
320,RF,Regions Financial Corp,Common stocks,Large cap,Financials,"$21,482,904,482 ",2.33%,0,0,0,Analyze,Regions Financial Corporation,reports,Regional Banks,"Birmingham, Alabama",8/28/98,1281761,1971
321,EXR,Extra Space Storage Inc,REITs,Large cap,Real Estate,"$21,434,140,556 ",3.55%,0,0,0,Analyze,Extra Space Storage,reports,Specialized REITs,"Salt Lake City, Utah",1/19/16,1289490,1977
322,LH,Laboratory Corporation Of America,Common stocks,Large cap,Health Care,"$21,420,822,000 ",0.89%,0,0,0,Analyze,LabCorp,reports,Health Care Services,"Burlington, North Carolina",11/1/04,920148,1978
323,EPAM,Epam Systems Inc,Common stocks,Large cap,Information Technology,"$21,256,985,165 ",0.00%,0,0,0,Analyze,EPAM Systems,reports,IT Consulting & Other Services,"Newtown, Pennsylvania",12/14/21,1352010,1993
324,PAYC,Paycom Software Inc,Common stocks,Large cap,Information Technology,"$20,780,252,155 ",0.00%,0,0,0,Analyze,Paycom,reports,Application Software,"Oklahoma City, Oklahoma",1/28/20,1590955,1998
325,CAH,Cardinal Health Inc,Common stocks,Large cap,Health Care,"$20,776,745,041 ",2.46%,0,0,0,Analyze,Cardinal Health,reports,Health Care Distributors,"Dublin, Ohio",5/27/97,721371,1971
326,CFG,Citizens Financial Group Inc,Common stocks,Large cap,Financials,"$20,674,770,753 ",3.80%,0,0,0,Analyze,Citizens Financial Group,reports,Regional Banks,"Providence, Rhode Island",1/29/16,759944,1828
327,WAT,Waters Corp,Common stocks,Large cap,Health Care,"$20,610,269,995 ",0.00%,0,0,0,Analyze,Waters Corporation,reports,Health Care Distributors,"Milford, Massachusetts",,1000697,1958
328,XYL,Xylem Inc,Common stocks,Large cap,Industrials,"$20,509,210,342 ",1.05%,0,0,0,Analyze,Xylem Inc.,reports,Industrial Machinery,"White Plains, New York",11/1/11,1524472,2011
329,CF,CF Industries Holdings Inc,Common stocks,Large cap,Materials,"$20,333,075,945 ",1.44%,0,0,0,Analyze,CF Industries,reports,Fertilizers & Agricultural Chemicals,"Deerfield, Illinois",8/27/08,1324404,1946
330,CHD,Church And Dwight Inc,Common stocks,Large cap,Consumer Staples,"$20,055,732,857 ",1.27%,0,0,0,Analyze,Church & Dwight,reports,Household Products,"Ewing, New Jersey",12/29/15,313927,1847
331,DOV,Dover Corp,Common stocks,Large cap,Industrials,"$19,999,034,336 ",1.40%,0,0,0,Analyze,Dover Corporation,reports,Industrial Machinery,"Downers Grove, Illinois",10/31/85,29905,1955
332,WRB,WR Berkley Corp,Common stocks,Large cap,Financials,"$19,993,006,673 ",0.49%,0,0,0,Analyze,Berkley,reports,Property & Casualty Insurance,"Greenwich, Connecticut",12/5/19,11544,1967
333,TDY,Teledyne Technologies Inc,Common stocks,Large cap,Information Technology,"$19,894,435,424 ",0.00%,0,0,0,Analyze,Teledyne Technologies,reports,Electronic Equipment & Instruments,"Thousand Oaks, California",6/22/20,1094285,1960
334,ROL,Rollins Inc,Common stocks,Large cap,Industrials,"$19,890,961,690 ",1.06%,0,0,0,Analyze,"Rollins, Inc.",reports,Environmental & Facilities Services,"Atlanta, Georgia",10/1/18,84839,1948
335,INVH,Invitation Homes Inc,REITs,Large cap,Real Estate,"$19,779,110,556 ",2.69%,0,0,0,Analyze,Invitation Homes,reports,Residential REITs,"Dallas, Texas",9/19/22,1687229,2012
336,MOH,Molina Healthcare Inc,Common stocks,Large cap,Health Care,"$19,554,072,000 ",0.00%,0,0,0,Analyze,Molina Healthcare,reports,Managed Health Care,"Long Beach, California",3/2/22,1179929,1980
337,CNP,Centerpoint Energy Inc,Common stocks,Large cap,Utilities,"$19,534,490,630 ",2.24%,0,0,0,Analyze,CenterPoint Energy,reports,Multi-Utilities,"Houston, Texas",7/31/85,1130310,1882
338,NTRS,Northern Trust Corporation,Common stocks,Large cap,Financials,"$19,513,959,463 ",3.01%,0,0,0,Analyze,Northern Trust,reports,Asset Management & Custody Banks,"Chicago, Illinois",,73124,1889
339,BBY,Best Buy Inc,Common stocks,Large cap,Consumer Discretionary,"$19,467,060,881 ",3.80%,0,0,0,Analyze,Best Buy,reports,Computer & Electronics Retail,"Richfield, Minnesota",6/29/99,764478,1966
340,STE,STERIS PLC,Common stocks,Large cap,Health Care,"$19,196,952,091 ",0.93%,0,0,0,Analyze,Steris,reports,Health Care Equipment,"Dublin, Ireland",12/23/19,1757898,1985
341,AES,AES Corp,Common stocks,Large cap,Utilities,"$19,183,517,624 ",2.18%,0,0,0,Analyze,AES Corporation,reports,Independent Power Producers & Energy Traders,"Arlington, Virginia",10/2/98,874761,1981
342,MRO,Marathon Oil Corp,Common stocks,Large cap,Energy,"$19,109,191,306 ",1.06%,0,0,0,Analyze,Marathon Oil,reports,Oil & Gas Exploration & Production,"Houston, Texas",5/1/91,101778,1887
343,MAA,"Mid-America Apartment Communities, Inc",REITs,Large cap,Real Estate,"$18,963,635,896 ",2.82%,0,0,0,Analyze,Mid-America Apartment Communities,reports,Residential REITs,"Memphis, Tennessee",12/2/16,912595,1977
344,JBHT,JB Hunt Transport Services Inc,Common stocks,Large cap,Industrials,"$18,927,676,299 ",0.87%,0,0,0,Analyze,J.B. Hunt,reports,Trucking,"Lowell, Arkansas",7/1/15,728535,1961
345,HOLX,Hologic Inc,Common stocks,Large cap,Health Care,"$18,926,741,105 ",0.00%,0,0,0,Analyze,Hologic,reports,Health Care Equipment,"Marlborough, Massachusetts",3/30/16,859737,1985
346,WAB,Westinghouse Air Brake Technologies,Common stocks,Large cap,Industrials,"$18,739,664,707 ",0.58%,0,0,0,Analyze,Wabtec,reports,Construction Machinery & Heavy Trucks,"Pittsburgh, Pennsylvania",2/27/19,943452,1999 (1869)
347,VTR,"Ventas, Inc",REITs,Large cap,Real Estate,"$18,534,922,964 ",3.83%,0,0,0,Analyze,Ventas,reports,Health Care REITs,"Chicago, Illinois",3/4/09,740260,1998
348,CLX,Clorox,Common stocks,Large cap,Consumer Staples,"$18,490,445,678 ",3.08%,0,0,0,Analyze,Clorox,reports,Household Products,"Oakland, California",3/31/69,21076,1913
349,AMCR,Amcor plc,Common stocks,Large cap,Materials,"$18,434,062,103 ",3.84%,0,0,0,Analyze,Amcor,reports,Paper Packaging,"Warmley, Bristol, United Kingdom",6/7/19,1748790,2019 (1860)
350,EXPD,Expeditors International Of Washington,Common stocks,Large cap,Industrials,"$18,340,468,256 ",1.16%,0,0,0,Analyze,Expeditors International,reports,Air Freight & Logistics,"Seattle, Washington",10/10/07,746515,1979
351,IEX,IDEX Corp,Common stocks,Large cap,Industrials,"$18,156,877,781 ",0.97%,0,0,0,Analyze,IDEX Corporation,reports,Industrial Machinery,"Lake Forest, Illinois",8/9/19,832101,1988
352,CAG,Conagra Brands Inc,Common stocks,Large cap,Consumer Staples,"$18,130,216,915 ",3.35%,0,0,0,Analyze,Conagra Brands,reports,Packaged Foods & Meats,"Chicago, Illinois",8/31/83,23217,1919
353,GRMN,Garmin Ltd,Common stocks,Large cap,Consumer Discretionary,"$18,085,408,718 ",2.93%,0,0,0,Analyze,Garmin,reports,Consumer Electronics,"Schaffhausen, Switzerland",12/12/12,1121788,1989
354,FDS,Factset Research Systems Inc,Common stocks,Large cap,Financials,"$17,988,454,611 ",0.74%,0,0,0,Analyze,FactSet,reports,Financial Exchanges & Data,"Norwalk, Connecticut",12/20/21,1013237,1978
355,INCY,Incyte Corp,Common stocks,Large cap,Health Care,"$17,949,320,758 ",0.00%,0,0,0,Analyze,Incyte,reports,Biotechnology,"Wilmington, Delaware",2/28/17,879169,1991
356,MPWR,Monolithic Power Systems Inc,Common stocks,Large cap,Information Technology,"$17,935,129,940 ",0.74%,0,0,0,Analyze,Monolithic Power Systems,reports,Semiconductors,"Kirkland, Washington",2/12/21,1280452,1997
357,WST,West Pharmaceutical Services Inc,Common stocks,Large cap,Health Care,"$17,917,463,514 ",0.30%,0,0,0,Analyze,West Pharmaceutical Services,reports,Health Care Supplies,"Exton, Pennsylvania",5/22/20,105770,1923
359,TTWO,Take Two Interactive Software Inc,Common stocks,Large cap,Communication Services,"$17,855,955,006 ",0.00%,0,0,0,Analyze,Take-Two Interactive,reports,Interactive Home Entertainment,"New York City, New York",3/19/18,946581,1993
360,DRI,Darden Restaurants Inc,Common stocks,Large cap,Consumer Discretionary,"$17,825,675,143 ",3.13%,0,0,0,Analyze,Darden Restaurants,reports,Restaurants,"Orlando, Florida",,940944,1938
361,CMS,CMS Energy Corp,Common stocks,Large cap,Utilities,"$17,824,350,879 ",2.96%,0,0,0,Analyze,CMS Energy,reports,Multi-Utilities,"Jackson, Michigan",5/3/99,811156,1886
362,BR,Broadridge Financial Solutions Inc,Common stocks,Large cap,Information Technology,"$17,631,826,705 ",1.75%,0,0,0,Analyze,Broadridge Financial Solutions,reports,Data Processing & Outsourced Services,"Lake Success, New York",6/18/18,1383312,1962
363,BALL,Ball Corporation,Common stocks,Large cap,Materials,"$17,532,440,378 ",1.43%,0,0,0,Analyze,Ball Corporation,reports,Metal & Glass Containers,"Broomfield, Colorado",10/31/84,9389,1880
364,ETSY,Etsy Inc,Common stocks,Large cap,Consumer Discretionary,"$17,519,694,367 ",0.00%,0,0,0,Analyze,Etsy,reports,Internet & Direct Marketing Retail,"New York City, New York",9/21/20,1370637,2005
365,J,Jacobs Engineering Group Inc.,Common stocks,Large cap,Industrials,"$17,485,555,712 ",0.68%,0,0,0,Analyze,Jacobs Solutions,reports,Construction & Engineering,"Dallas, Texas",10/26/07,52988,1947
366,CINF,Cincinnati Financial Corp,Common stocks,Large cap,Financials,"$17,466,320,305 ",2.41%,0,0,0,Analyze,Cincinnati Financial,reports,Property & Casualty Insurance,"Fairfield, Ohio",12/18/97,20286,1950
367,KEY,Keycorp,Common stocks,Large cap,Financials,"$17,465,190,781 ",4.15%,0,0,0,Analyze,KeyCorp,reports,Regional Banks,"Cleveland, Ohio",3/1/94,91576,1825
368,DGX,Quest Diagnostics Inc,Common stocks,Large cap,Health Care,"$17,380,366,186 ",1.69%,0,0,0,Analyze,Quest Diagnostics,reports,Health Care Services,"Secaucus, New Jersey",12/12/02,1022079,1967
370,FOX,Fox Corporation Class B,Common stocks,Large cap,Communication Services,"$16,983,265,470 ",1.61%,0,0,0,Analyze,Fox Corporation (Class B),reports,Movies & Entertainment,"New York City, New York",9/18/15,1754301,2019
371,FOXA,Fox Corporation Class A,Common stocks,Large cap,Communication Services,"$16,983,265,470 ",1.52%,0,0,0,Analyze,Fox Corporation (Class A),reports,Movies & Entertainment,"New York City, New York",7/1/13,1754301,2019
372,LYV,Live Nation Entertainment Inc,Common stocks,Large cap,Communication Services,"$16,981,215,100 ",0.00%,0,0,0,Analyze,Live Nation Entertainment,reports,Movies & Entertainment,"Beverly Hills, California",12/23/19,1335258,2010
373,TRGP,Targa Resources Corp,Common stocks,Large cap,Energy,"$16,966,835,256 ",1.85%,0,0,0,Analyze,Targa Resources,reports,Oil & Gas Storage & Transportation,"Houston, Texas",10/12/22,1389170,2005
374,MOS,Mosaic,Common stocks,Large cap,Materials,"$16,717,618,769 ",1.14%,0,0,0,Analyze,The Mosaic Company,reports,Fertilizers & Agricultural Chemicals,"Tampa, Florida",9/26/11,1285785,2004 (1865 / 1909)
375,BRO,Brown & Brown Inc,Common stocks,Large cap,Financials,"$16,687,461,864 ",0.72%,0,0,0,Analyze,Brown & Brown,reports,Insurance Brokers,"Daytona Beach, Florida",9/20/21,79282,1939
376,ATO,Atmos Energy Corp,Common stocks,Large cap,Utilities,"$16,554,408,674 ",2.36%,0,0,0,Analyze,Atmos Energy,reports,Gas Utilities,"Dallas, Texas",2/15/19,731802,1906
377,SEDG,SolarEdge Technologies Inc,Common stocks,Large cap,Information Technology,"$16,532,027,179 ",0.00%,0,0,0,Analyze,SolarEdge,reports,Semiconductor Equipment,"Herzliya, Israel",12/20/21,1419612,2006
378,SJM,J.M. Smucker,Common stocks,Large cap,Consumer Staples,"$16,403,437,689 ",2.57%,0,0,0,Analyze,The J.M. Smucker Company,reports,Packaged Foods & Meats,"Orrville, Ohio",11/6/08,91419,1897
379,FMC,FMC Corp,Common stocks,Large cap,Materials,"$16,379,348,968 ",1.62%,0,0,0,Analyze,FMC Corporation,reports,Fertilizers & Agricultural Chemicals,"Philadelphia, Pennsylvania",8/19/09,37785,1883
380,OMC,Omnicom Group Inc,Common stocks,Large cap,Communication Services,"$16,284,741,982 ",3.45%,0,0,0,Analyze,Omnicom Group,reports,Advertising,"New York City, New York",,29989,1986
381,SYF,Synchrony Financial,Common stocks,Large cap,Financials,"$16,192,458,922 ",2.48%,0,0,0,Analyze,Synchrony Financial,reports,Consumer Finance,"Stamford, Connecticut",11/18/15,1601712,2003
382,COO,"Cooper Companies, Inc.",Common stocks,Large cap,Health Care,"$16,117,385,621 ",0.02%,0,0,0,Analyze,CooperCompanies,reports,Health Care Supplies,"San Ramon, California",9/23/16,711404,1958
383,CPRT,Copart Inc,Common stocks,Large cap,Industrials,"$16,110,141,884 ",0.00%,0,0,0,Analyze,Copart,reports,Diversified Support Services,"Dallas, Texas",7/2/18,900075,1982
384,CPB,Campbell Soup,Common stocks,Large cap,Consumer Staples,"$16,064,052,549 ",2.73%,0,0,0,Analyze,Campbell Soup Company,reports,Packaged Foods & Meats,"Camden, New Jersey",3/4/57,16732,1869
385,EXPE,Expedia Inc,Common stocks,Large cap,Consumer Discretionary,"$15,949,607,224 ",0.00%,0,0,0,Analyze,Expedia Group,reports,Internet & Direct Marketing Retail,"Seattle, Washington",10/2/07,1324424,1996
386,IRM,Iron Mountain Incorporated,REITs,Large cap,Real Estate,"$15,925,314,947 ",4.44%,0,0,0,Analyze,Iron Mountain,reports,Specialized REITs,"Boston, Massachusetts",1/6/09,1020569,1951
387,HWM,Howmet Aerospace Inc.,Common stocks,Large cap,Industrials,"$15,890,679,341 ",0.26%,0,0,0,Analyze,Howmet Aerospace,reports,Aerospace & Defense,"Pittsburgh, Pennsylvania",3/31/64,4281,2016
388,ALGN,Align Technology Inc,Common stocks,Large cap,Health Care,"$15,760,729,061 ",0.00%,0,0,0,Analyze,Align Technology,reports,Health Care Supplies,"Tempe, Arizona",6/19/17,1097149,1997
389,AVY,Avery Dennison Corp,Common stocks,Large cap,Materials,"$15,640,784,434 ",1.13%,0,0,0,Analyze,Avery Dennison,reports,Paper Packaging,"Glendale, California",12/31/87,8818,1990
390,RCL,Royal Caribbean Cruises Ltd,Common stocks,Large cap,Consumer Discretionary,"$15,543,136,534 ",0.00%,0,0,0,Analyze,Royal Caribbean Group,reports,"Hotels, Resorts & Cruise Lines","Miami, Florida",12/5/14,884887,1997
391,GEN,Gen Digital Inc.,Common stocks,Large cap,Information Technology,"$15,476,310,773 ",2.10%,0,0,0,Analyze,Gen Digital Inc.,reports,Application Software,"Tempe, Arizona",3/25/03,849399,1982
392,EQT,EQT Corporation,Common stocks,Large cap,Energy,"$15,239,750,128 ",1.32%,0,0,0,Analyze,EQT,reports,Oil & Gas Exploration & Production,"Pittsburgh, Pennsylvania",10/3/22,33213,1888
393,SWKS,Skyworks Solutions Inc,Common stocks,Large cap,Information Technology,"$15,210,496,248 ",2.46%,0,0,0,Analyze,Skyworks Solutions,reports,Semiconductors,"Irvine, California",3/12/15,4127,2002
394,NVR,"NVR, Inc.",Common stocks,Large cap,Consumer Discretionary,"$15,148,056,956 ",0.00%,0,0,0,Analyze,"NVR, Inc.",reports,Homebuilding,"Reston, Virginia",9/26/19,906163,1980
395,TRMB,Trimble Inc,Common stocks,Large cap,Information Technology,"$15,073,701,114 ",0.00%,0,0,0,Analyze,Trimble Inc.,reports,Electronic Equipment & Instruments,"Westminster, Colorado",1/21/21,864749,1978
396,APA,Apache Corp,Common stocks,Large cap,Energy,"$15,021,031,343 ",1.33%,0,0,0,Analyze,APA Corporation,reports,Oil & Gas Exploration & Production,"Houston, Texas",7/28/97,1841666,1954
397,LDOS,Leidos Holdings Inc,Common stocks,Large cap,Industrials,"$14,983,909,238 ",1.31%,0,0,0,Analyze,Leidos,reports,Diversified Support Services,"Reston, Virginia",8/9/19,1336920,1969
398,PTC,PTC Inc,Common stocks,Large cap,Information Technology,"$14,976,501,328 ",0.00%,0,0,0,Analyze,PTC,reports,Application Software,"Boston, Massachusetts",4/20/21,857005,1985
399,AKAM,Akamai Technologies Inc,Common stocks,Large cap,Information Technology,"$14,969,466,198 ",0.00%,0,0,0,Analyze,Akamai,reports,Internet Services & Infrastructure,"Cambridge, Massachusetts",7/12/07,1086222,1998
400,NTAP,NetApp Inc,Common stocks,Large cap,Information Technology,"$14,796,083,539 ",2.91%,0,0,0,Analyze,NetApp,reports,"Technology Hardware, Storage & Peripherals","San Jose, California",6/25/99,1002047,1992
401,TXT,Textron Inc,Common stocks,Large cap,Industrials,"$14,793,546,506 ",0.11%,0,0,0,Analyze,Textron,reports,Aerospace & Defense,"Providence, Rhode Island",12/31/78,217346,1923
402,LKQ,LKQ Corp,Common stocks,Large cap,Consumer Discretionary,"$14,715,998,174 ",1.85%,0,0,0,Analyze,LKQ Corporation,reports,Distributors,"Chicago, Illinois",5/23/16,1065696,1998
403,TYL,Tyler Technologies Inc,Common stocks,Large cap,Information Technology,"$14,666,821,273 ",0.00%,0,0,0,Analyze,Tyler Technologies,reports,Application Software,"Plano, Texas",6/22/20,860731,1966
404,FLT,Fleetcor Technologies Inc,Common stocks,Large cap,Information Technology,"$14,476,113,613 ",0.00%,0,0,0,Analyze,Fleetcor,reports,Data Processing & Outsourced Services,"Atlanta, Georgia",6/20/18,1175454,2000
405,TER,Teradyne Inc,Common stocks,Large cap,Information Technology,"$14,374,734,714 ",0.48%,0,0,0,Analyze,Teradyne,reports,Semiconductor Equipment,"North Reading, Massachusetts",9/21/20,97210,1960
406,UAL,United Continental Holdings Inc,Common stocks,Large cap,Industrials,"$14,340,824,795 ",0.00%,0,0,0,Analyze,United Airlines Holdings,reports,Airlines,"Chicago, Illinois",9/3/15,100517,1967
407,MGM,MGM Resorts International,Common stocks,Large cap,Consumer Discretionary,"$14,312,436,432 ",0.03%,0,0,0,Analyze,MGM Resorts,reports,Casinos & Gaming,"Paradise, Nevada",7/26/17,789570,1986
408,ESS,"Essex Property Trust, Inc",REITs,Large cap,Real Estate,"$14,240,010,797 ",3.90%,0,0,0,Analyze,Essex Property Trust,reports,Residential REITs,"San Mateo, California",4/2/14,920522,1971
409,PEAK,"Healthpeak Properties, Inc.",REITs,Large cap,Real Estate,"$14,056,674,766 ",4.51%,0,0,0,Analyze,Healthpeak,reports,Health Care REITs,"Long Beach, California",3/31/08,765880,1985
410,KIM,Kimco Realty Corporation,REITs,Large cap,Real Estate,"$14,008,137,777 ",3.40%,0,0,0,Analyze,Kimco Realty,reports,Retail REITs,"New Hyde Park, New York",4/4/06,879101,1958
411,MTCH,Match Group Inc,Common stocks,Large cap,Communication Services,"$13,954,133,056 ",0.00%,0,0,0,Analyze,Match Group,reports,Interactive Media & Services,"Dallas, Texas",9/20/21,891103,1986
412,LNT,Alliant Energy Corp,Common stocks,Large cap,Utilities,"$13,939,242,220 ",3.04%,0,0,0,Analyze,Alliant Energy,reports,Electric Utilities,"Madison, Wisconsin",7/1/16,352541,1917
413,JKHY,"Jack Henry & Associates, Inc.",Common stocks,Large cap,Information Technology,"$13,913,645,356 ",1.02%,0,0,0,Analyze,Jack Henry & Associates,reports,Data Processing & Outsourced Services,"Monett, Missouri",11/13/18,779152,1976
414,ZBRA,Zebra Technologies Corp,Common stocks,Large cap,Information Technology,"$13,879,122,298 ",0.00%,0,0,0,Analyze,Zebra Technologies,reports,Electronic Equipment & Instruments,"Lincolnshire, Illinois",12/23/19,877212,1969
415,L,Loews Corp,Common stocks,Large cap,Financials,"$13,780,266,098 ",0.43%,0,0,0,Analyze,Loews Corporation,reports,Multi-line Insurance,"New York City, New York",,60086,1959
416,NDSN,Nordson Corp,Common stocks,Large cap,Industrials,"$13,731,139,147 ",0.91%,0,0,0,Analyze,Nordson Corporation,reports,Industrial Machinery,"Westlake, Ohio",2/15/22,72331,1935
417,DPZ,Dominos Pizza Inc,Common stocks,Large cap,Consumer Discretionary,"$13,649,292,555 ",1.09%,0,0,0,Analyze,Domino's,reports,Restaurants,"Ann Arbor, Michigan",5/12/20,1286681,1960
418,VTRS,Viatris Inc.,Common stocks,Large cap,Health Care,"$13,630,574,882 ",4.20%,0,0,0,Analyze,Viatris,reports,Pharmaceuticals,"Pittsburgh, Pennsylvania",4/23/04,1792044,1961
419,BEN,Franklin Resources Inc,Common stocks,Large cap,Financials,"$13,627,958,035 ",4.18%,0,0,0,Analyze,Franklin Templeton,reports,Asset Management & Custody Banks,"San Mateo, California",,38777,1947
420,EVRG,Evergy Inc,Common stocks,Large cap,Utilities,"$13,515,102,349 ",3.90%,0,0,0,Analyze,Evergy,reports,Electric Utilities,"Kansas City, Missouri",6/5/18,1711269,1909
422,CBOE,"Cboe Global Markets, Inc.",Common stocks,Large cap,Financials,"$13,453,341,434 ",1.54%,0,0,0,Analyze,Cboe Global Markets,reports,Financial Exchanges & Data,"Chicago, Illinois",3/1/17,1374310,1973
423,IPG,Interpublic Group Of Companies Inc,Common stocks,Large cap,Communication Services,"$13,388,561,782 ",3.32%,0,0,0,Analyze,The Interpublic Group of Companies,reports,Advertising,"New York City, New York",10/1/92,51644,1961 (1930)
424,HST,"Host Hotels & Resorts, Inc",REITs,Large cap,Real Estate,"$13,363,868,853 ",1.12%,0,0,0,Analyze,Host Hotels & Resorts,reports,Hotel & Resort REITs,"Bethesda, Maryland",3/20/07,1070750,1993
425,UDR,"UDR, Inc",REITs,Large cap,Real Estate,"$13,308,147,966 ",3.63%,0,0,0,Analyze,"UDR, Inc.",reports,Residential REITs,"Highlands Ranch, Colorado",3/7/16,74208,1972
426,IP,International Paper,Common stocks,Large cap,Materials,"$13,298,501,637 ",4.86%,0,0,0,Analyze,International Paper,reports,Paper Packaging,"Memphis, Tennessee",3/4/57,51434,1898
427,POOL,Pool Corp,Common stocks,Large cap,Consumer Discretionary,"$13,204,185,464 ",1.12%,0,0,0,Analyze,Pool Corporation,reports,Distributors,"Covington, Louisiana",10/7/20,945841,1993
428,PARA,Paramount Global - Class B,Common stocks,Large cap,Communication Services,"$13,202,936,369 ",4.72%,0,0,0,Analyze,Paramount Global,reports,Movies & Entertainment,"New York City, New York",,813828,2019 (1952)
429,VFC,VF Corp,Common stocks,Large cap,Consumer Discretionary,"$13,009,192,526 ",5.88%,0,0,0,Analyze,VF Corporation,reports,"Apparel, Accessories & Luxury Goods","Denver, Colorado",6/30/79,103379,1899
430,RE,Everest Re Group Ltd,Common stocks,Large cap,Financials,"$12,937,777,332 ",1.95%,0,0,0,Analyze,Everest Re,reports,Reinsurance,"Hamilton, Bermuda",6/19/17,1095073,1973
431,SNA,Snap On Inc,Common stocks,Large cap,Industrials,"$12,870,864,287 ",2.41%,0,0,0,Analyze,Snap-on,reports,Industrial Machinery,"Kenosha, Wisconsin",9/30/82,91440,1920
432,CPT,Camden Property Trust,REITs,Large cap,Real Estate,"$12,729,034,902 ",3.02%,0,0,0,Analyze,Camden Property Trust,reports,Residential REITs,"Houston, Texas",4/4/22,906345,1981
433,PKG,Packaging Corp Of America,Common stocks,Large cap,Materials,"$12,599,494,797 ",3.26%,0,0,0,Analyze,Packaging Corporation of America,reports,Paper Packaging,"Lake Forest, Illinois",7/26/17,75677,1959
434,LW,Lamb Weston Holdings Inc,Common stocks,Large cap,Consumer Staples,"$12,442,837,458 ",1.13%,0,0,0,Analyze,Lamb Weston,reports,Packaged Foods & Meats,"Eagle, Idaho",12/3/18,1679273,2016 (1950)
435,BIO,Bio Rad Laboratories Inc Class A,Common stocks,Large cap,Health Care,"$12,399,778,187 ",0.00%,0,0,0,Analyze,Bio-Rad,reports,Life Sciences Tools & Services,"Hercules, California",6/22/20,12208,1952
436,SWK,Stanley Black & Decker Inc,Common stocks,Large cap,Industrials,"$12,178,567,824 ",3.81%,0,0,0,Analyze,Stanley Black & Decker,reports,Industrial Machinery,"New Britain, Connecticut",9/30/82,93556,1843
437,GL,Globe Life Inc.,Common stocks,Large cap,Financials,"$11,712,308,274 ",0.68%,0,0,0,Analyze,Globe Life,reports,Life & Health Insurance,"McKinney, Texas",4/30/89,320335,1900
438,MAS,Masco Corp,Common stocks,Large cap,Industrials,"$11,673,387,406 ",2.15%,0,0,0,Analyze,Masco,reports,Building Products,"Livonia, Michigan",6/30/81,62996,1929
439,CE,Celanese Corporation,Common stocks,Large cap,Materials,"$11,654,933,352 ",2.52%,0,0,0,Analyze,Celanese,reports,Specialty Chemicals,"Irving, Texas",12/24/18,1306830,1918
440,CHRW,"C.H. Robinson Worldwide, Inc.",Common stocks,Large cap,Industrials,"$11,626,164,154 ",2.81%,0,0,0,Analyze,C.H. Robinson,reports,Air Freight & Logistics,"Eden Prairie, Minnesota",3/2/07,1043277,1905
441,CRL,Charles River Laboratories International,Common stocks,Large cap,Health Care,"$11,508,751,987 ",0.00%,0,0,0,Analyze,Charles River Laboratories,reports,Life Sciences Tools & Services,"Wilmington, Massachusetts",5/14/21,1100682,1947
442,TFX,Teleflex Inc,Common stocks,Large cap,Health Care,"$11,482,695,288 ",0.55%,0,0,0,Analyze,Teleflex,reports,Health Care Equipment,"Wayne, Pennsylvania",1/18/19,96943,1943
443,WDC,Western Digital Corp,Common stocks,Large cap,Information Technology,"$11,384,586,573 ",0.00%,0,0,0,Analyze,Western Digital,reports,"Technology Hardware, Storage & Peripherals","San Jose, California",7/1/09,106040,1970
444,NI,Nisource Inc,Common stocks,Large cap,Utilities,"$11,270,227,991 ",3.34%,0,0,0,Analyze,NiSource,reports,Multi-Utilities,"Merrillville, Indiana",,1111711,1912
445,HSIC,Henry Schein Inc,Common stocks,Large cap,Health Care,"$11,243,671,346 ",0.00%,0,0,0,Analyze,Henry Schein,reports,Health Care Distributors,"Melville, New York",3/17/15,1000228,1932
446,REG,Regency Centers Corporation,REITs,Large cap,Real Estate,"$11,237,629,022 ",3.75%,0,0,0,Analyze,Regency Centers,reports,Retail REITs,"Jacksonville, Florida",3/2/17,910606,1963
447,BXP,"Boston Properties, Inc",REITs,Large cap,Real Estate,"$11,231,475,115 ",5.38%,0,0,0,Analyze,Boston Properties,reports,Office REITs,"Boston, Massachusetts",4/3/06,1037540,1970
448,STX,Seagate Technology Plc,Common stocks,Large cap,Information Technology,"$11,126,908,000 ",5.17%,0,0,0,Analyze,Seagate Technology,reports,"Technology Hardware, Storage & Peripherals","Dublin, Ireland",7/2/12,1137789,1979
449,CZR,Caesars Entertainment Corp,Common stocks,Large cap,Consumer Discretionary,"$11,123,106,883 ",0.00%,0,0,0,Analyze,Caesars Entertainment,reports,Casinos & Gaming,"Reno, Nevada",3/22/21,1590895,1973
450,CCL,Carnival Corp,Common stocks,Large cap,Consumer Discretionary,"$11,093,686,846 ",0.00%,0,0,0,Analyze,Carnival,reports,"Hotels, Resorts & Cruise Lines","Miami, Florida",12/22/98,815097,1972
451,NWS,News Corp Class B,Common stocks,Large cap,Communication Services,"$11,081,213,194 ",1.03%,0,0,0,Analyze,News Corp (Class B),reports,Publishing,"New York City, New York",9/18/15,1564708,2013 (1980)
452,NWSA,News Corp Class A,Common stocks,Large cap,Communication Services,"$11,081,213,194 ",1.04%,0,0,0,Analyze,News Corp (Class A),reports,Publishing,"New York City, New York",8/1/13,1564708,2013 (1980)
453,KMX,Carmax Inc,Common stocks,Large cap,Consumer Discretionary,"$10,918,870,428 ",0.00%,0,0,0,Analyze,CarMax,reports,Automotive Retail,"Richmond, Virginia",6/28/10,1170010,1993
454,CDAY,Ceridian HCM Holding Inc.,Common stocks,Large cap,Information Technology,"$10,802,799,120 ",0.00%,0,0,0,Analyze,Ceridian,reports,Application Software,"Minneapolis, Minnesota",9/20/21,1725057,1992
455,JNPR,Juniper Networks Inc,Common stocks,Large cap,Information Technology,"$10,684,367,817 ",2.53%,0,0,0,Analyze,Juniper Networks,reports,Communications Equipment,"Sunnyvale, California",6/2/06,1043604,1996
456,EMN,Eastman Chemical,Common stocks,Large cap,Materials,"$10,369,567,257 ",3.47%,0,0,0,Analyze,Eastman Chemical Company,reports,Diversified Chemicals,"Kingsport, Tennessee",1/1/94,915389,1920
457,PHM,Pultegroup Inc,Common stocks,Large cap,Consumer Discretionary,"$10,286,060,539 ",1.32%,0,0,0,Analyze,PulteGroup,reports,Homebuilding,"Atlanta, Georgia",4/30/84,822416,1956
458,MKTX,Marketaxess Holdings Inc,Common stocks,Large cap,Financials,"$10,285,014,621 ",1.02%,0,0,0,Analyze,MarketAxess,reports,Financial Exchanges & Data,"New York City, New York",7/1/19,1278021,2000
459,ALLE,Allegion PLC,Common stocks,Large cap,Industrials,"$10,019,580,397 ",1.39%,0,0,0,Analyze,Allegion,reports,Building Products,"New York City, New York",12/2/13,1579241,1908
460,BWA,BorgWarner Inc,Common stocks,Mid cap,Consumer Discretionary,"$9,989,006,654 ",1.59%,0,0,0,Analyze,BorgWarner,reports,Auto Parts & Equipment,"Auburn Hills, Michigan",12/19/11,908255,1880
461,BBWI,"Bath & Body Works, Inc.",Common stocks,Mid cap,Consumer Discretionary,"$9,881,756,653 ",1.83%,0,0,0,Analyze,"Bath & Body Works, Inc.",reports,Specialty Stores,"Columbus, Ohio",9/30/83,701985,1963
462,QRVO,"Qorvo, Inc.",Common stocks,Mid cap,Information Technology,"$9,860,126,249 ",0.00%,0,0,0,Analyze,Qorvo,reports,Semiconductors,"Greensboro, North Carolina",6/11/15,1604778,2015
463,NRG,NRG Energy Inc,Common stocks,Mid cap,Utilities,"$9,706,086,557 ",3.28%,0,0,0,Analyze,NRG Energy,reports,Independent Power Producers & Energy Traders,"Houston, Texas",1/29/10,1013871,1992
464,WRK,Westrock,Common stocks,Mid cap,Materials,"$9,674,720,786 ",2.67%,0,0,0,Analyze,WestRock,reports,Paper Packaging,"Atlanta, Georgia",,1732845,2015
465,WYNN,Wynn Resorts Ltd,Common stocks,Mid cap,Consumer Discretionary,"$9,522,874,188 ",0.00%,0,0,0,Analyze,Wynn Resorts,reports,Casinos & Gaming,"Paradise, Nevada",11/14/08,1174922,2002
466,UHS,Universal Health Services Inc.,Common stocks,Mid cap,Health Care,"$9,500,726,810 ",0.61%,0,0,0,Analyze,Universal Health Services,reports,Health Care Facilities,"King of Prussia, Pennsylvania",9/20/14,352915,1979
467,CTLT,Catalent Inc,Common stocks,Mid cap,Health Care,"$9,399,498,253 ",0.00%,0,0,0,Analyze,Catalent,reports,Pharmaceuticals,"Somerset, New Jersey",9/21/20,1596783,2007
468,CMA,Comerica Inc,Common stocks,Mid cap,Financials,"$9,377,502,725 ",3.75%,0,0,0,Analyze,Comerica,reports,Diversified Banks,"Dallas, Texas",12/1/95,28412,1849
469,FFIV,F5 Networks Inc,Common stocks,Mid cap,Information Technology,"$9,358,945,608 ",0.00%,0,0,0,Analyze,"F5, Inc.",reports,Communications Equipment,"Seattle, Washington",12/20/10,1048695,1996
470,TPR,Tapestry,Common stocks,Mid cap,Consumer Discretionary,"$9,272,190,862 ",2.06%,0,0,0,Analyze,"Tapestry, Inc.",reports,"Apparel, Accessories & Luxury Goods","New York City, New York",,1116132,2017
471,AOS,A O Smith Corp,Common stocks,Mid cap,Industrials,"$9,239,863,873 ",1.87%,0,0,0,Analyze,A. O. Smith,reports,Building Products,"Milwaukee, Wisconsin",7/26/17,91142,1916
472,HII,Huntington Ingalls Industries Inc,Common stocks,Mid cap,Industrials,"$9,213,726,462 ",2.05%,0,0,0,Analyze,Huntington Ingalls Industries,reports,Aerospace & Defense,"Newport News, Virginia",1/3/18,1501585,2011
473,AAP,Advance Auto Parts Inc,Common stocks,Mid cap,Consumer Discretionary,"$9,095,889,561 ",3.59%,0,0,0,Analyze,Advance Auto Parts,reports,Automotive Retail,"Raleigh, North Carolina",7/9/15,1158449,1932
474,AAL,American Airlines Group Inc,Common stocks,Mid cap,Industrials,"$9,085,614,400 ",0.00%,0,0,0,Analyze,American Airlines Group,reports,Airlines,"Fort Worth, Texas",3/23/15,6201,1934
475,FRT,Federal Realty Investment Trust,REITs,Mid cap,Real Estate,"$8,853,457,401 ",2.93%,0,0,0,Analyze,Federal Realty,reports,Retail REITs,"Rockville, Maryland",2/1/16,34903,1962
476,IVZ,Invesco Ltd,Common stocks,Mid cap,Financials,"$8,836,464,933 ",3.67%,0,0,0,Analyze,Invesco,reports,Asset Management & Custody Banks,"Atlanta, Georgia",8/21/08,914208,1935
477,PNW,Pinnacle West Corp,Common stocks,Mid cap,Utilities,"$8,802,307,793 ",4.31%,0,0,0,Analyze,Pinnacle West,reports,Multi-Utilities,"Phoenix, Arizona",,764622,1985
478,HAS,Hasbro Inc,Common stocks,Mid cap,Consumer Discretionary,"$8,737,074,054 ",4.33%,0,0,0,Analyze,Hasbro,reports,Leisure Products,"Pawtucket, Rhode Island",9/30/84,46080,1923
479,RHI,Robert Half,Common stocks,Mid cap,Industrials,"$8,514,965,105 ",2.17%,0,0,0,Analyze,Robert Half,reports,Human Resource & Employment Services,"Menlo Park, California",12/5/00,315213,1948
481,SBNY,Signature Bank,Common stocks,Mid cap,Financials,"$8,369,722,309 ",1.61%,0,0,0,Analyze,Signature Bank,reports,Regional Banks,"New York City, New York",12/20/21,1288784,2001
482,DISH,Dish Network Corp Class A,Common stocks,Mid cap,Communication Services,"$8,273,709,611 ",0.00%,0,0,0,Analyze,Dish Network,reports,Cable & Satellite,"Meridian, Colorado",3/13/17,1001082,1980
483,WHR,Whirlpool Corp,Common stocks,Mid cap,Consumer Discretionary,"$8,118,364,313 ",4.62%,0,0,0,Analyze,Whirlpool Corporation,reports,Household Appliances,"Benton Harbor, Michigan",,106640,1911
484,ZION,Zions Bancorporation,Common stocks,Mid cap,Financials,"$7,778,627,030 ",3.01%,0,0,0,Analyze,Zions Bancorporation,reports,Regional Banks,"Salt Lake City, Utah",6/22/01,109380,1873
485,RL,Ralph Lauren Corp Class A,Common stocks,Mid cap,Consumer Discretionary,"$7,718,786,400 ",2.50%,0,0,0,Analyze,Ralph Lauren Corporation,reports,"Apparel, Accessories & Luxury Goods","New York City, New York",2/2/07,1037038,1967
486,PNR,Pentair,Common stocks,Mid cap,Industrials,"$7,672,203,231 ",1.79%,0,0,0,Analyze,Pentair,reports,Industrial Machinery,"Worsley, United Kingdom",10/1/12,77360,1966
487,SEE,Sealed Air Corp,Common stocks,Mid cap,Materials,"$7,639,363,737 ",1.51%,0,0,0,Analyze,Sealed Air,reports,Paper Packaging,"Charlotte, North Carolina",3/4/57,1012100,1960
488,NCLH,Norwegian Cruise Line Holdings Ltd,Common stocks,Mid cap,Consumer Discretionary,"$7,003,603,182 ",0.00%,0,0,0,Analyze,Norwegian Cruise Line Holdings,reports,"Hotels, Resorts & Cruise Lines","Miami, Florida",10/13/17,1513761,2011 (1966)
489,DXC,DXC Technology Company,Common stocks,Mid cap,Information Technology,"$6,773,120,165 ",0.00%,0,0,0,Analyze,DXC Technology,reports,IT Consulting & Other Services,"Tysons Corner, Virginia",4/4/17,1688568,2017
490,AIZ,Assurant Inc,Common stocks,Mid cap,Financials,"$6,762,951,226 ",2.13%,0,0,0,Analyze,Assurant,reports,Multi-line Insurance,"New York City, New York",4/10/07,1267238,1892
491,XRAY,Dentsply Sirona Inc,Common stocks,Mid cap,Health Care,"$6,756,829,696 ",1.53%,0,0,0,Analyze,Dentsply Sirona,reports,Health Care Supplies,"Charlotte, North Carolina",11/14/08,818479,2016 (1969)
492,OGN,Organon & Co.,Common stocks,Mid cap,Health Care,"$6,720,307,686 ",4.13%,0,0,0,Analyze,Organon & Co.,reports,Pharmaceuticals,"Jersey City, New Jersey",6/3/21,1821825,2021
493,DVA,Davita Inc,Common stocks,Mid cap,Health Care,"$6,598,023,000 ",0.00%,0,0,0,Analyze,DaVita Inc.,reports,Health Care Facilities,"Denver, Colorado",7/31/08,927066,1979
494,LNC,Lincoln National Corp,Common stocks,Mid cap,Financials,"$6,553,714,921 ",4.59%,0,0,0,Analyze,Lincoln Financial,reports,Multi-line Insurance,"Radnor, Pennsylvania",6/30/76,59558,1905
495,MHK,Mohawk Industries Inc,Common stocks,Mid cap,Consumer Discretionary,"$6,537,651,893 ",0.00%,0,0,0,Analyze,Mohawk Industries,reports,Home Furnishings,"Calhoun, Georgia",12/23/13,851968,1878
496,GNRC,Generac Holdings Inc,Common stocks,Mid cap,Industrials,"$6,531,411,482 ",0.00%,0,0,0,Analyze,Generac,reports,Electrical Components & Equipment,"Waukesha, Wisconsin",3/22/21,1474735,1959
497,ALK,Alaska Air Group Inc,Common stocks,Mid cap,Industrials,"$6,013,381,568 ",0.00%,0,0,0,Analyze,Alaska Air Group,reports,Airlines,"SeaTac, Washington",5/13/16,766421,1985
498,LUMN,"CenturyLink, Inc.",Common stocks,Mid cap,Communication Services,"$5,783,318,092 ",13.12%,0,0,0,Analyze,Lumen Technologies,reports,Alternative Carriers,"Monroe, Louisiana",3/25/99,18926,1983 (1877)
499,NWL,Newell Brands Inc,Common stocks,Mid cap,Consumer Discretionary,"$5,310,624,000 ",7.01%,0,0,0,Analyze,Newell Brands,reports,Housewares & Specialties,"Atlanta, Georgia",4/30/89,814453,1903
500,VNO,Vornado Realty Trust,REITs,Mid cap,Real Estate,"$4,753,217,430 ",8.30%,0,0,0,Analyze,Vornado Realty Trust,reports,Office REITs,"New York City, New York",2005,899689,1982
501,TECH,Bio-Techne Corp,Common stocks,Mid cap,Health Care,"$3,390,934,401 ",0.37%,0,0,0,Analyze,Bio-Techne,reports,Life Sciences Tools & Services,"Minneapolis, Minnesota",8/30/21,842023,1976
502,TAP,Molson Coors Brewing Class B,Common stocks,Small cap,Consumer Staples,"$797,021,241 ",2.74%,0,0,0,Analyze,Molson Coors Beverage Company,reports,Brewers,"Chicago, Illinois",6/30/76,24545,"2005 (Molson 1786, Coors 1873)"